지역,단지명,전용면적,계약일,거래금액(만원),층,건축년도
강남구,개포래미안포레스트,84.83,25,240000,33,2020
강남구,개포래미안포레스트,84.86,29,240000,5,2020
강남구,디에이치아너힐즈,84.3558,26,250000,19,2019
강남구,삼익대청아파트,60.0,14,134000,7,1992
강남구,성원대치2단지아파트,39.53,15,102500,3,1992
강남구,성원대치2단지아파트,33.18,16,84700,13,1992
강남구,로체샤르캐슬,106.59,10,139000,4,2009
강남구,쌍용,84.87,12,105000,3,1996
강남구,한양수자인어반게이트,20.23,2,28000,7,2013
강남구,"대치우성아파트1동,2동,3동,5동,6동,7동",115.59,22,260000,4,1984
강남구,래미안대치팰리스,94.49,16,348000,15,2015
강남구,래미안대치팰리스,91.93,17,291000,20,2015
강남구,선경1차(1동-7동),136.68,11,385000,11,1983
강남구,선경3차,76.6,3,210000,7,1990
강남구,은마,84.43,1,235000,10,1979
강남구,은마,76.79,5,191500,10,1979
강남구,은마,76.79,8,177000,1,1979
강남구,은마,84.43,16,220000,4,1979
강남구,은마,84.43,21,215000,5,1979
강남구,은마,84.43,22,226000,12,1979
강남구,대명비발디,82.67,7,99500,3,2003
강남구,삼성,73.41,9,144000,11,1994
강남구,삼성래미안,59.96,29,165000,1,2001
강남구,타워팰리스1,137.24,30,345000,28,2002
강남구,신동아,33.18,12,80000,10,1992
강남구,신현대11차,183.41,25,560000,9,1983
강남구,한양5,100.5,30,268000,10,1979
강남구,리츠빌,93.22,16,85000,4,2003
강남구,상록수,74.54,9,160000,1,1993
강남구,수서,49.68,3,100000,10,1992
강남구,푸른마을아파트101동~111동,84.93,2,154000,2,1994
강남구,래미안강남힐즈,101.95,6,184000,12,2014
강남구,래미안강남힐즈,91.96,12,189000,3,2014
강남구,래미안강남힐즈,91.96,15,176000,11,2014
강남구,청담CJ빌리지,159.94,16,245000,4,2004
강동구,고덕 아이파크,59.99,22,100000,4,2011
강동구,고덕그라시움,84.244,6,139000,5,2019
강동구,고덕그라시움,73.873,7,90000,23,2019
강동구,고덕그라시움,59.785,12,104500,20,2019
강동구,고덕그라시움,59.785,12,107000,3,2019
강동구,고덕그라시움,84.046,20,140000,22,2019
강동구,고덕그라시움,59.052,20,112000,15,2019
강동구,고덕그라시움,59.785,22,102000,7,2019
강동구,고덕센트럴푸르지오,59.09,20,82000,17,2020
강동구,래미안힐스테이트고덕,84.88,5,122600,13,2016
강동구,길동우성,84.75,1,87000,15,1994
강동구,다성이즈빌,84.76,1,65000,1,2003
강동구,둔촌푸르지오,59.98,16,85000,16,2010
강동구,둔촌푸르지오,84.9,27,110000,13,2010
강동구,고덕롯데캐슬베네루체,84.146,8,108500,28,2019
강동구,고덕롯데캐슬베네루체,84.923,10,100000,1,2019
강동구,고덕롯데캐슬베네루체,84.923,11,110000,19,2019
강동구,고덕롯데캐슬베네루체,59.981,19,92500,4,2019
강동구,고덕롯데캐슬베네루체,84.923,24,109500,10,2019
강동구,고덕아르테온,84.97,2,130000,10,2020
강동구,고덕아르테온,59.98,4,107000,18,2020
강동구,고덕아르테온,84.93,13,129000,7,2020
강동구,고덕아르테온,59.98,16,93000,2,2020
강동구,고덕아르테온,59.96,18,104000,12,2020
강동구,고덕아르테온,84.94,18,131500,16,2020
강동구,고덕아르테온,84.93,29,130000,25,2020
강동구,고덕아르테온,84.93,29,129300,8,2020
강동구,고덕자이,84.445,19,120500,5,2021
강동구,고덕자이,84.9712,30,121000,23,2021
강동구,동아,59.25,1,64500,17,1997
강동구,성내동삼성아파트,59.88,15,85000,11,1999
강동구,한양립스,12.33,7,13000,7,2014
강동구,롯데캐슬퍼스트,84.98,23,100000,18,2008
강동구,선사현대아파트,59.64,10,58000,5,2000
강동구,선사현대아파트,59.64,19,73000,7,2000
강동구,선사현대아파트,58.68,19,57000,15,2000
강동구,선사현대아파트,59.64,24,69000,6,2000
강동구,선사현대아파트,59.64,29,77000,7,2000
강동구,현진리버파크,23.26,10,29500,4,2017
강북구,꿈의숲롯데캐슬,84.98,12,80000,9,2017
강북구,벽산라이브파크,114.68,21,81000,4,2004
강북구,에스케이북한산시티,59.98,7,56000,24,2004
강북구,에스케이북한산시티,84.76,12,69750,12,2004
강북구,에스케이북한산시티,59.98,21,56000,12,2004
강북구,주공4단지,84.79,24,60000,1,1991
강북구,수유벽산1차,122.58,8,82200,14,1993
강북구,태솔에버빌,60.7,4,25000,1,2008
강서구,가양2단지(성지),49.56,16,57890,15,1992
강서구,동신대아,134.88,1,138000,11,1993
강서구,마곡수명산파크4단지,84.53,21,81000,4,2008
강서구,마곡수명산파크4단지,84.96,24,84500,10,2008
강서구,마곡수명산파크5단지,59.76,1,70000,4,2008
강서구,마곡수명산파크5단지,59.87,18,69500,8,2008
강서구,우장산힐스테이트,59.98,9,86000,3,2005
강서구,우장산힐스테이트,126.65,18,115000,16,2005
강서구,가양역두산위브,59.98,4,89700,19,2022
강서구,등촌동아이파크,84.7556,13,82000,14,2004
강서구,등촌동아이파크,84.9958,28,70000,4,2004
강서구,등촌동아이파크,84.7556,29,65000,16,2004
강서구,우성,66.9,5,63000,12,1992
강서구,주공3,58.14,8,59700,10,1995
강서구,코오롱오투빌2,59.95,23,67000,5,2002
강서구,동성,84.95,12,86500,3,1993
강서구,마곡푸르지오,59.87,15,78000,10,2008
강서구,방화동동부센트레빌(875번지),84.97,22,75000,9,2003
강서구,신라힐,57.36,22,22700,8,2001
강서구,신세계아파트,64.46,14,49000,4,2018
강서구,e편한세상염창,84.9529,1,135000,3,2019
강서구,대림,84.87,7,105000,7,1999
강서구,동아,84.95,2,95000,7,1998
강서구,동아,114.84,8,91000,8,1998
강서구,강동,58.86,14,23000,2,2002
강서구,강서힐스테이트,84.99,1,118000,17,2015
강서구,대림e편한세상,84.84,14,69500,14,1992
강서구,로즈힐(1101-3),59.99,8,18000,1,2002
강서구,삼성다빈치(917-14),14.35,12,11000,11,2015
강서구,삼성다빈치(917-14),14.35,12,10000,7,2015
강서구,세림,21.64,1,19500,9,2015
강서구,신보,59.63,18,23500,2,2001
강서구,에스타워,29.86,24,21500,7,2017
강서구,예지보금자리,78.82,21,34000,3,2007
강서구,우공아파트,26.36,11,24000,4,2018
강서구,우장산롯데캐슬,117.19,10,130000,4,2003
강서구,한양아이클래스,13.79,12,8700,7,2013
강서구,한양아이클래스,13.79,18,9200,11,2013
강서구,화곡푸르지오,192.22,23,200000,8,2002
강서구,화곡푸르지오,144.123,30,112000,12,2002
관악구,흥화브라운빌,59.88,15,67000,12,2003
관악구,e편한세상서울대입구1단지,59.9,10,90000,12,2019
관악구,관악캠퍼스타워,25.86,15,14500,14,1998
관악구,관악푸르지오,59.58,10,81000,22,2004
관악구,미래,66.595,11,38500,2,2005
관악구,서울대입구아이원(1560-61),84.89,24,66000,5,2006
관악구,에메랄드104동,83.44,7,47000,5,2012
관악구,코스모블루,13.09,4,15000,9,2012
관악구,코스모블루,13.09,20,12000,5,2012
관악구,GS파크뷰,46.1,3,43000,5,2013
관악구,LIG대학마을(건영아파트3차),84.82,11,83500,13,1996
관악구,벽산블루밍,84.95,3,80000,10,2005
관악구,신동아,84.3,3,53000,3,1994
관악구,프라비다트라움,14.05,26,13600,11,2013
광진구,유진스웰,165.327,30,185000,3,2011
광진구,구의현대2단지,84.91,18,100000,5,1996
광진구,우성2,51.57,28,85000,12,1989
광진구,자양호반써밋,40.2673,27,80000,10,2021
광진구,한강극동,84.45,16,105000,11,1991
광진구,씨즈건대힐스,14.23,4,17000,4,2017
광진구,씨즈건대힐스,14.23,25,15000,7,2017
구로구,현대,114.99,1,85000,8,2001
구로구,현대,59.94,9,61800,4,2001
구로구,현대홈타운,59.49,10,54000,3,2001
구로구,현대홈타운,59.49,21,52500,21,2001
구로구,고척파크푸르지오,84.94,29,72000,1,2009
구로구,삼환로즈빌,84.994,15,70000,18,2004
구로구,"우성,현대아파트",68.7,29,58500,10,1987
구로구,(751-5),53.45,8,28000,5,1996
구로구,(794-17),38.96,8,23800,2,1997
구로구,구로두산,44.64,1,43800,19,1998
구로구,구로두산,44.64,9,39500,6,1998
구로구,구로두산,44.64,23,41100,8,1998
구로구,구로두산,44.64,26,40000,6,1998
구로구,구로오네뜨시티,16.71,3,18400,15,2022
구로구,금호,84.86,29,54000,10,1997
구로구,덕영드림,70.23,9,57200,7,2006
구로구,로제리움2차,14.91,14,11500,17,2014
구로구,로제리움2차,14.04,21,11300,18,2014
구로구,비즈트위트레드,20.54,10,17850,4,2016
구로구,비즈트위트레인보우,15.92,23,12200,6,2012
구로구,비즈트위트블루,16.04,4,12500,8,2012
구로구,주공2,32.39,16,52800,9,1987
구로구,하나세인스톤2차,19.33,25,14500,17,2011
구로구,해담채3,13.39,21,11200,11,2014
구로구,미성,52.45,12,74000,6,1987
구로구,천왕이펜하우스6단지,84.97,28,65000,7,2011
금천구,G밸리페트라힐스,13.76,29,15000,19,2020
금천구,G밸리페트라힐스,13.76,29,14940,10,2020
금천구,가산양우내안에애플,12.04,4,11000,10,2013
금천구,가산양우내안에애플,12.04,7,11000,9,2013
금천구,금천롯데캐슬골드파크1차,84.4214,7,89900,31,2016
금천구,금천롯데캐슬골드파크3차,59.968,13,77000,28,2018
금천구,라이프,84.74,14,54000,17,1996
금천구,세심아파트,83.48,27,37000,3,2004
금천구,아이유하임,29.0615,23,34550,7,2022
금천구,아이유하임,29.0615,23,34550,7,2022
금천구,아이유하임,29.0615,23,33150,2,2022
금천구,아이유하임,29.0615,23,33150,2,2022
금천구,아이유하임,29.0615,23,33150,2,2022
금천구,아이유하임,29.0615,23,33150,2,2022
금천구,아이유하임,29.0615,23,33150,2,2022
금천구,아이유하임,29.0615,23,33950,2,2022
금천구,아이유하임,29.0615,23,33950,2,2022
금천구,아이유하임,29.0615,23,33950,2,2022
금천구,아이유하임,29.0615,23,33950,2,2022
금천구,아이유하임,29.0615,23,33950,2,2022
금천구,아이유하임,29.0615,23,33950,2,2022
금천구,아이유하임,29.0615,23,33150,2,2022
금천구,아이유하임,29.0615,23,34550,7,2022
금천구,아이유하임,29.0615,23,34250,7,2022
금천구,아이유하임,29.0615,23,34250,7,2022
금천구,아이유하임,29.0615,23,34400,8,2022
금천구,아이유하임,29.0615,23,34400,8,2022
금천구,아이유하임,29.0615,23,34400,8,2022
금천구,아이유하임,29.0615,23,34400,8,2022
금천구,아이유하임,29.0615,23,33950,9,2022
금천구,아이유하임,29.0615,23,33950,9,2022
금천구,아이유하임,29.0615,23,34900,9,2022
금천구,아이유하임,29.0615,23,34900,9,2022
금천구,아이유하임,29.0615,23,34900,9,2022
금천구,아이유하임,29.0615,23,34900,9,2022
금천구,아이유하임,29.0615,23,34250,7,2022
금천구,아이유하임,29.0615,23,34250,7,2022
금천구,아이유하임,29.0615,23,34550,7,2022
금천구,아이유하임,29.0615,23,34550,7,2022
금천구,아이유하임,29.0615,23,33750,8,2022
금천구,아이유하임,29.0615,23,33750,8,2022
금천구,아이유하임,29.0615,23,33750,8,2022
금천구,아이유하임,29.0615,23,33750,8,2022
금천구,아이유하임,29.0615,23,33750,8,2022
금천구,아이유하임,29.0615,23,33750,8,2022
금천구,아이유하임,29.0615,23,34700,8,2022
금천구,아이유하임,29.0615,23,34700,8,2022
금천구,아이유하임,29.0615,23,34700,8,2022
금천구,아이유하임,29.0615,23,34700,8,2022
금천구,아이유하임,29.0615,23,34700,8,2022
금천구,아이유하임,29.0615,23,34900,9,2022
금천구,아이유하임,29.0615,23,34550,9,2022
금천구,아이유하임,29.0615,23,34550,9,2022
금천구,아이유하임,29.0615,23,34550,9,2022
금천구,아이유하임,29.0615,23,34550,9,2022
금천구,아이유하임,29.0615,23,34700,8,2022
금천구,아이유하임,29.0615,23,34700,8,2022
금천구,아이유하임,29.0615,23,33650,2,2022
금천구,아이유하임,29.0615,23,33950,4,2022
금천구,아이유하임,29.0615,23,33950,4,2022
금천구,아이유하임,29.0615,23,33950,4,2022
금천구,아이유하임,29.0615,23,33600,5,2022
금천구,아이유하임,29.0615,23,33800,3,2022
금천구,아이유하임,29.0615,23,33650,2,2022
금천구,아이유하임,29.0615,23,33650,2,2022
금천구,아이유하임,29.0615,23,33650,2,2022
금천구,아이유하임,29.0615,23,33300,3,2022
금천구,아이유하임,29.0615,23,33300,3,2022
금천구,아이유하임,29.0615,23,33300,3,2022
금천구,아이유하임,29.0615,23,33300,3,2022
금천구,아이유하임,29.0615,23,34100,3,2022
금천구,아이유하임,29.0615,23,34100,3,2022
금천구,아이유하임,29.0615,23,34100,3,2022
금천구,아이유하임,29.0615,23,34100,3,2022
금천구,아이유하임,29.0615,23,34100,3,2022
금천구,아이유하임,29.0615,23,33800,3,2022
금천구,아이유하임,29.0615,23,33800,3,2022
금천구,아이유하임,29.0615,23,33800,3,2022
금천구,아이유하임,29.0615,23,34550,6,2022
금천구,아이유하임,29.0615,23,33600,5,2022
금천구,아이유하임,29.0615,23,33600,5,2022
금천구,아이유하임,29.0615,23,33600,5,2022
금천구,아이유하임,29.0615,23,33600,5,2022
금천구,아이유하임,29.0615,23,33600,5,2022
금천구,아이유하임,29.0615,23,34550,5,2022
금천구,아이유하임,29.0615,23,34550,5,2022
금천구,아이유하임,29.0615,23,34550,5,2022
금천구,아이유하임,29.0615,23,34550,5,2022
금천구,아이유하임,29.0615,23,34550,5,2022
금천구,아이유하임,29.0615,23,34250,5,2022
금천구,아이유하임,29.0615,23,34250,5,2022
금천구,아이유하임,29.0615,23,34250,5,2022
금천구,아이유하임,29.0615,23,34250,5,2022
금천구,아이유하임,29.0615,23,34250,5,2022
금천구,아이유하임,29.0615,23,33600,6,2022
금천구,아이유하임,29.0615,23,33600,6,2022
금천구,아이유하임,29.0615,23,33600,6,2022
금천구,아이유하임,29.0615,23,33600,6,2022
금천구,아이유하임,29.0615,23,33600,6,2022
금천구,아이유하임,29.0615,23,34550,5,2022
금천구,아이유하임,29.0615,23,34550,5,2022
금천구,아이유하임,29.0615,23,33600,6,2022
금천구,아이유하임,29.0615,23,34550,6,2022
금천구,아이유하임,29.0615,23,34550,7,2022
금천구,아이유하임,29.0615,23,34550,7,2022
금천구,아이유하임,29.0615,23,34250,6,2022
금천구,아이유하임,29.0615,23,34250,6,2022
금천구,아이유하임,29.0615,23,34250,6,2022
금천구,아이유하임,29.0615,23,34250,6,2022
금천구,아이유하임,29.0615,23,34250,6,2022
금천구,아이유하임,29.0615,23,33600,7,2022
금천구,아이유하임,29.0615,23,33600,7,2022
금천구,아이유하임,29.0615,23,34550,6,2022
금천구,아이유하임,29.0615,23,34550,6,2022
금천구,아이유하임,29.0615,23,34550,6,2022
금천구,아이유하임,29.0615,23,34550,6,2022
금천구,아이유하임,29.0615,23,34550,6,2022
금천구,아이유하임,29.0615,23,33600,7,2022
금천구,아이유하임,29.0615,23,33600,7,2022
금천구,아이유하임,29.0615,23,33600,7,2022
금천구,아이유하임,29.0615,23,33600,7,2022
금천구,아이유하임,29.0615,23,33450,4,2022
금천구,아이유하임,29.0615,23,33300,3,2022
금천구,아이유하임,29.0615,23,33300,3,2022
금천구,아이유하임,29.0615,23,34100,3,2022
금천구,아이유하임,29.0615,23,34100,3,2022
금천구,아이유하임,29.0615,23,33800,3,2022
금천구,아이유하임,29.0615,23,33450,4,2022
금천구,아이유하임,29.0615,23,33450,4,2022
금천구,아이유하임,29.0615,23,33450,4,2022
금천구,아이유하임,29.0615,23,33450,4,2022
금천구,아이유하임,29.0615,23,33450,4,2022
금천구,아이유하임,29.0615,23,34400,4,2022
금천구,아이유하임,29.0615,23,34400,4,2022
금천구,아이유하임,29.0615,23,34400,4,2022
금천구,아이유하임,29.0615,23,34400,4,2022
금천구,아이유하임,29.0615,23,34400,4,2022
금천구,아이유하임,29.0615,23,34400,4,2022
금천구,아이유하임,29.0615,23,34400,4,2022
금천구,아이유하임,29.0615,23,33950,4,2022
금천구,아이유하임,29.0615,23,33950,4,2022
금천구,아이유하임,29.0615,23,33950,2,2022
금천구,아이유하임,29.0615,23,33650,2,2022
금천구,진도3차아파트,59.34,28,45500,14,1999
금천구,관악산벽산타운5,84.97,19,50000,12,2004
금천구,남서울힐스테이트,113.329,10,90000,18,2014
금천구,삼익,84.96,26,57000,6,1999
노원구,동부아파트,59.34,24,47500,13,1996
노원구,진명비베레,14.1326,5,9500,2,2012
노원구,테라파크뷰,78.06,29,99000,10,2022
노원구,풍림아파트A,84.99,10,83000,9,2001
노원구,노원센트럴푸르지오,59.996,14,72000,7,2021
노원구,두산,51.66,30,40000,3,1994
노원구,미도,87.57,15,87000,13,1988
노원구,미라보(성림),60.0,4,42500,14,2006
노원구,벽산,43.35,8,38000,11,1989
노원구,상계주공10(고층),59.2,6,55000,11,1988
노원구,상계주공10(고층),59.2,6,55000,11,1988
노원구,상계주공10(고층),59.28,8,60000,14,1988
노원구,상계주공11(고층),41.3,18,40000,12,1988
노원구,상계주공11(고층),41.3,30,40000,12,1988
노원구,상계주공14(고층),45.55,19,39700,9,1989
노원구,상계주공3(고층),59.39,21,70000,5,1987
노원구,상계주공3(고층),68.86,29,69000,15,1987
노원구,상계주공4(고층),41.3,21,45000,10,1988
노원구,상계주공6(고층),32.39,7,42000,15,1988
노원구,상계주공6(고층),58.01,16,57000,1,1988
노원구,상계주공6(고층),59.39,23,51000,12,1988
노원구,상계주공7(고층),49.94,3,61000,2,1988
노원구,은빛1단지,39.7,14,30000,3,1998
노원구,포레나노원,59.9428,11,77000,28,2020
노원구,꿈의숲SKVIEW,84.93,17,80000,12,2016
노원구,꿈의숲SKVIEW,84.95,22,85000,9,2016
노원구,삼호3,59.22,19,70000,8,1986
노원구,월계역신도브래뉴,84.5133,28,60000,12,2005
노원구,주공2,44.52,22,47000,9,1992
노원구,청백3,59.4,1,34000,8,1998
노원구,한진한화그랑빌,139.08,5,97000,10,2002
노원구,한진한화그랑빌,84.97,26,75000,22,2002
노원구,LIG건영,59.92,16,48000,9,1998
노원구,건영3,84.9,24,100000,10,1995
노원구,대림벽산(363),141.45,24,122000,9,1993
노원구,상아,51.29,27,50800,8,1989
노원구,신동아(366),115.35,18,110000,4,1993
노원구,주공2,44.52,7,39000,8,1992
노원구,주공2,44.52,28,35000,6,1992
노원구,주공4,59.39,30,44500,12,1991
노원구,주공5,38.64,12,39000,5,1992
노원구,중계그린1단지,39.78,19,48000,9,1990
노원구,청구3,84.77,9,101000,6,1996
노원구,청구3,84.77,24,104000,6,1996
노원구,현대1(4차),84.99,30,72100,4,1993
노원구,하계1청구,84.6,9,71000,4,1997
도봉구,극동,84.83,16,49000,4,1991
도봉구,유원도봉,84.93,26,56500,11,1990
도봉구,한신,84.94,15,45500,5,1995
도봉구,대상타운현대아파트,84.78,23,86000,10,2001
도봉구,대상타운현대아파트,60.0,28,55500,11,2001
도봉구,방학동삼성래미안2,84.937,29,82000,16,2002
도봉구,방학지음재힐스,21.51,1,18000,4,2018
도봉구,벽산아파트1,52.36,19,32000,7,1991
도봉구,송학휴스테이,55.539,12,35000,4,2016
도봉구,신동아아파트1,70.62,24,50000,10,1986
도봉구,우성아파트1,51.91,17,42000,11,1992
도봉구,우성아파트1,72.87,18,43000,12,1992
도봉구,우성아파트2,84.98,8,49800,8,1993
도봉구,청구아파트,84.97,28,42000,3,1994
도봉구,퍼스티안,13.6794,17,9500,7,2013
도봉구,성원하이츠A동,71.22,14,35000,4,2004
도봉구,한양2,28.71,3,27000,14,1988
도봉구,LIG건영캐스빌,80.1498,25,55000,1,2002
도봉구,동도센트리움,79.389,25,65000,8,2009
도봉구,동아청솔,59.96,27,56500,5,1997
도봉구,북한산아이파크5차,119.1731,8,108000,10,2004
도봉구,북한산아이파크5차,101.9176,10,106200,7,2004
도봉구,상아1차아파트,69.03,9,54700,11,1987
도봉구,창동주공1단지,41.3,26,41000,7,1990
도봉구,창동주공2단지,41.3,18,40000,9,1990
도봉구,창동주공3단지(해등마을),49.94,18,55000,4,1990
도봉구,창동주공3단지(해등마을),49.94,21,52000,4,1990
도봉구,창동주공3단지(해등마을),41.3,24,45000,1,1990
도봉구,창동주공4단지,41.3,18,33200,1,1991
동대문구,답십리한화,84.86,1,85000,10,2001
동대문구,동아,84.72,19,70500,13,2001
동대문구,래미안미드카운티,84.99,15,103000,17,2019
동대문구,래미안엘파인아파트,59.95,8,70500,14,2011
동대문구,래미안위브,84.98,18,102000,15,2014
동대문구,래미안위브,84.98,19,102000,12,2014
동대문구,래미안위브,84.98,24,105000,15,2014
동대문구,청계푸르지오시티,18.92,25,13800,3,2015
동대문구,한일노벨리아,14.76,3,13400,15,2016
동대문구,힐스테이트청계,59.94,19,95000,10,2018
동대문구,힐스테이트청계,84.85,30,120000,26,2018
동대문구,동대문푸르지오시티(도시형생활주택),30.11,26,37500,6,2016
동대문구,용두두산위브,84.99,1,94000,18,2009
동대문구,용두두산위브,84.99,19,88000,10,2009
동대문구,쌍용,59.99,19,60000,15,2000
동대문구,U-포그니,59.15,16,39000,5,2016
동대문구,U-포그니,59.15,18,36000,3,2016
동대문구,래미안장안2차,81.05,8,89000,12,2007
동대문구,장안뉴시티,17.63,17,10050,8,2012
동대문구,장안현대홈타운(336),84.87,7,77500,14,2003
동대문구,장안현대홈타운(336),84.87,10,80000,9,2003
동대문구,장안현대홈타운(336),84.87,14,78750,22,2003
동대문구,장안현대홈타운(336),84.87,21,75000,21,2003
동대문구,베라체캠퍼스,24.011,5,24900,9,2013
동대문구,베라체캠퍼스,24.319,22,23300,5,2013
동대문구,회기힐스테이트,120.31,21,105000,10,2011
동대문구,동성,25.34,28,22800,6,2001
동대문구,휘경SK뷰,84.31,5,105000,9,2019
동대문구,휘경SK뷰,59.65,5,92000,17,2019
동작구,신동아리버파크,84.88,14,108800,10,2001
동작구,드림빌라트,63.05,25,44500,2,2001
동작구,아데나339,12.68,13,11700,6,2012
동작구,주공2,51.66,23,75000,8,1995
동작구,극동(105),46.75,8,75500,13,1993
동작구,두성,62.46,15,70000,3,1992
동작구,래미안로이파크,84.98,15,150000,8,2018
동작구,사당롯데캐슬골든포레,59.9908,27,89500,12,2021
동작구,사당우성2,84.66,12,121500,6,1993
동작구,사당우성3,59.89,29,90000,5,1993
동작구,사당자이,114.94,10,115000,1,1999
동작구,삼호그린,59.58,9,70000,7,1999
동작구,신동아4,59.89,30,77900,1,1993
동작구,두산위브트레지움2차,84.864,21,120000,21,2016
동작구,포스코더샵,152.222,14,135000,9,2007
마포구,서희스타힐스,12.85,12,16900,16,2014
마포구,신촌그랑자이(1단지),84.98,5,153500,4,2020
마포구,신촌그랑자이(1단지),84.98,26,141500,2,2020
마포구,신구강변연가,152.336,18,215000,12,2004
마포구,상암월드컵파크2단지,59.84,1,85000,11,2003
마포구,상암월드컵파크2단지,59.92,10,80000,13,2003
마포구,메세나폴리스,142.034,28,250000,23,2012
마포구,삼익플라주서교2차,81.09,15,53000,6,2007
마포구,성산시영(선경),50.54,3,88000,10,1986
마포구,성산시영(선경),50.54,9,88000,10,1986
마포구,성산시영(유원),59.43,28,98000,7,1986
마포구,현대하이츠아파트,84.7,18,82000,5,2007
마포구,밤섬경남아너스빌,84.83,28,98000,1,2009
마포구,마포래미안푸르지오3단지,59.9656,29,113000,7,2014
마포구,홍익하이빌,44.46,26,28800,4,2004
마포구,상록,57.88,19,68000,13,1997
마포구,상록,49.8,30,65000,14,1997
마포구,우리파크아파트,22.92,28,61000,1,2021
마포구,우리파크아파트,22.92,29,61000,1,2021
마포구,중앙하이츠101동,57.86,6,43000,1,2007
서대문구,DMC에코자이,59.79,20,85000,5,2019
서대문구,DMC파크뷰자이1단지,84.974,3,121000,23,2015
서대문구,디엠씨엘가,30.36,23,34000,3,2017
서대문구,럭키대현,83.38,11,89500,8,1999
서대문구,신촌자이엘라,25.21,23,26500,16,2014
서대문구,DMC래미안e편한세상,84.95,21,98000,15,2012
서대문구,DMC현대아파트,84.95,25,65000,8,2000
서대문구,e편한세상신촌1단지,84.98,2,148000,15,2018
서대문구,e편한세상신촌1단지,59.85,26,104500,7,2018
서대문구,e편한세상신촌2단지,59.85,5,110000,17,2018
서대문구,비버리힐,129.22,11,91000,1,2005
서대문구,연희자이엘라,13.642,20,15000,3,2014
서대문구,연대JK,24.0,1,16650,4,2012
서대문구,연대JK,24.09,16,18500,5,2012
서대문구,극동,84.98,8,59500,6,1995
서대문구,극동,84.98,22,48500,7,1995
서대문구,홍은동벽산,142.98,11,88000,3,1997
서대문구,홍제원현대(459-0),84.9,13,89000,18,2000
서대문구,홍제한양,84.77,12,78500,2,1993
서초구,디에이치반포라클라스,84.9858,18,340000,27,2021
서초구,래미안퍼스티지,59.96,1,269000,8,2009
서초구,래미안퍼스티지,84.93,2,365000,27,2009
서초구,래미안퍼스티지,222.76,28,840000,22,2009
서초구,반포자이,194.515,3,530000,17,2009
서초구,반포자이,132.439,30,430000,28,2009
서초구,에이아이디차관주택,72.51,21,290000,4,1974
서초구,대우(효령),84.91,19,149000,10,1992
서초구,방배대우디오빌,29.6,12,33000,21,2005
서초구,방배아트자이,59.9938,22,157500,7,2018
서초구,방배우성,117.19,4,173000,10,1991
서초구,방배홈타운(479-11),113.67,5,140000,7,2002
서초구,urbanplace,20.998,5,21500,8,2014
서초구,urbanplace,20.334,24,21000,3,2014
서초구,래미안 리더스원,84.94,24,260000,29,2020
서초구,롯데캐슬클래식,74.3,16,180000,17,2006
서초구,밀라텔쉐르빌,32.66,16,36000,11,2001
서초구,상지리츠빌(10),175.22,17,245000,7,2005
서초구,서초동삼성쉐르빌2,35.22,9,30000,5,2002
서초구,서초센트럴IPARK,80.5332,19,189000,11,2020
서초구,서초중흥S-클래스(도시형생활주택),20.68,10,19500,2,2013
서초구,신원아침도시(1434),82.174,18,108000,3,2004
서초구,서초포레스타3단지,114.39,22,149800,14,2014
서초구,계룡리슈빌S,21.5893,7,18690,4,2014
서초구,계룡리슈빌S,21.5893,24,19500,3,2014
서초구,대림,130.89,28,158000,6,1995
서초구,서초네이처힐3단지,84.77,23,145000,6,2013
서초구,대주피오레아파트,84.98,12,100000,2,2002
서초구,동아,59.92,4,170000,5,2002
서초구,래미안신반포팰리스,84.46,3,258000,21,2016
서초구,신반포12,55.45,9,148000,8,1982
성동구,신금호파크자이,59.98,5,107000,2,2016
성동구,한양마이라움,17.99,19,16000,3,2018
성동구,성수1차대우아파트,59.49,19,55000,18,1999
성동구,삼성,84.822,12,123800,1,1999
성동구,현대,123.51,4,180000,9,1990
성동구,대림(1차),75.51,4,95000,3,1986
성동구,대림(1차),75.51,4,95000,3,1986
성동구,상리제나우스,12.84,4,13900,9,2013
성동구,신동아,84.96,22,93000,10,1995
성동구,행당한진타운,84.71,11,111000,7,2000
성북구,길음뉴타운1단지(래미안길음1차),84.96,29,61600,9,2003
성북구,길음뉴타운2단지푸르지오,84.97,17,76300,10,2005
성북구,길음동동부센트레빌(1278-0),59.998,26,54000,3,2003
성북구,길음동동부센트레빌(1278-0),84.844,28,70000,20,2003
성북구,래미안길음센터피스,84.95,19,122000,11,2019
성북구,롯데캐슬골든힐스,84.932,24,90000,21,2019
성북구,롯데캐슬클라시아,59.8745,22,93000,13,2022
성북구,성일우리미,84.95,24,59000,3,2004
성북구,한신,84.87,24,83000,12,1998
성북구,한진(609-1),59.58,15,51000,4,1998
성북구,한진(609-1),59.58,28,52000,16,1998
성북구,광남캐스빌,81.24,15,50000,4,2001
성북구,코오롱,59.94,7,61000,11,1999
성북구,(160-16),22.72,28,11300,2,2017
성북구,(160-16),22.72,28,11300,3,2017
성북구,(160-16),22.72,28,11300,2,2017
성북구,(160-16),22.72,28,11300,3,2017
성북구,(160-16),22.72,28,11300,3,2017
성북구,(160-16),22.72,30,11300,3,2017
성북구,(160-16),22.72,30,11300,1,2017
성북구,래미안장위퍼스트하이,84.94,30,96000,14,2020
성북구,갤럭시더정릉,12.33,4,18800,4,2022
성북구,갤럭시더정릉,12.85,14,18800,5,2022
성북구,갤럭시더정릉,12.33,14,19300,9,2022
성북구,갤럭시더정릉,11.79,15,18800,4,2022
성북구,갤럭시더정릉,12.33,20,19300,10,2022
성북구,갤럭시더정릉,12.85,22,19300,9,2022
성북구,갤럭시더정릉,12.0,30,19300,9,2022
성북구,갤럭시더정릉,12.0,30,18800,4,2022
성북구,길음뉴타운데시앙,59.42,10,50000,5,1999
성북구,정릉풍림아이원,114.75,14,80000,17,2005
성북구,정릉힐스테이트3차,84.97,14,75500,5,2008
성북구,중앙하이츠빌1단지,84.98,15,60000,14,2004
성북구,월곡두산위브,59.855,2,58500,4,2003
성북구,월곡래미안루나밸리,84.88,5,76000,12,2007
송파구,가락금호아파트,59.91,12,100000,23,1997
송파구,두산위브,31.0,3,27500,10,2004
송파구,래미안파크팰리스,114.756,20,159000,16,2007
송파구,헬리오시티,84.99,2,180500,22,2018
송파구,헬리오시티,84.98,4,185000,16,2018
송파구,헬리오시티,84.98,9,186000,33,2018
송파구,헬리오시티,84.99,11,180000,10,2018
송파구,헬리오시티,84.99,11,168000,3,2018
송파구,헬리오시티,84.98,12,175000,27,2018
송파구,헬리오시티,39.1,14,92500,7,2018
송파구,헬리오시티,84.96,19,167000,15,2018
송파구,헬리오시티,84.98,19,175000,28,2018
송파구,헬리오시티,84.98,22,166000,17,2018
송파구,헬리오시티,84.98,23,175000,19,2018
송파구,헬리오시티,84.99,24,176000,12,2018
송파구,헬리오시티,84.98,24,170000,17,2018
송파구,문정시영,39.69,14,53000,9,1989
송파구,올림픽훼밀리타운,117.585,7,174000,4,1988
송파구,올림픽훼밀리타운,117.585,12,175000,12,1988
송파구,올림픽훼밀리타운,84.705,30,141000,9,1988
송파구,파크하비오,84.9942,16,129000,17,2016
송파구,방이금호어울림,84.3,23,108000,5,2001
송파구,잠실한솔,59.88,29,83500,11,2000
송파구,홍익봄마을,82.7,21,90000,7,2004
송파구,파크리오,84.9,1,177000,29,2008
송파구,파크리오,59.95,18,148000,27,2008
송파구,파크리오,84.9,25,168000,21,2008
송파구,파크리오,84.9,30,167000,20,2008
송파구,송파두산위브,59.9823,8,86500,14,2019
송파구,현대백조,31.0,10,52000,5,1997
송파구,레이크팰리스,84.82,25,178200,24,2006
송파구,리센츠,84.99,10,209000,14,2008
송파구,리센츠,84.99,12,204000,23,2008
송파구,리센츠,84.99,14,197500,15,2008
송파구,리센츠,124.22,24,295000,17,2008
송파구,잠실엘스,84.88,3,202000,26,2008
송파구,잠실엘스,59.96,10,159500,2,2008
송파구,잠실엘스,84.8,12,198000,14,2008
송파구,잠실엘스,84.97,12,199000,24,2008
송파구,잠실엘스,84.97,14,190000,7,2008
송파구,잠실엘스,84.8,25,193000,18,2008
송파구,잠실엘스,84.8,28,195000,17,2008
송파구,잠실엘스,84.8,29,210000,19,2008
송파구,주공아파트 5단지,76.5,25,199800,13,1978
송파구,트리지움,84.83,12,185000,16,2007
송파구,트리지움,84.83,14,183000,5,2007
송파구,트리지움,84.95,28,179000,9,2007
송파구,송파더센트레,51.77,2,83000,13,2013
송파구,송파파인타운3단지,84.93,27,100000,8,2008
송파구,위례24단지(꿈에그린),51.77,16,85000,5,2013
송파구,위례24단지(꿈에그린),51.77,22,88000,10,2013
양천구,목동신시가지1,47.52,5,110000,10,1985
양천구,월드메르디앙2,84.3,12,80000,10,2003
양천구,목동센트럴아이파크위브1단지,84.97,24,89500,6,2020
양천구,목동센트럴아이파크위브2단지,84.97,20,92500,10,2020
양천구,목동센트럴아이파크위브3단지,52.85,18,67000,8,2020
양천구,목동센트럴아이파크위브4단지,84.98,19,92250,16,2020
양천구,보람쉬움1,58.15,21,50000,13,2003
양천구,새롬,84.83,21,40000,1,2002
양천구,양천벽산블루밍1단지,84.77,12,65000,1,2006
양천구,에이원,51.15,4,20800,6,1994
양천구,훼미리주상복합,100.3,3,43000,6,2004
양천구,목동그린빌라트,119.92,15,88000,6,1996
양천구,목동신시가지10,105.58,9,172000,2,1987
양천구,목동신시가지10,70.2,18,135000,10,1987
양천구,목동신시가지10,105.58,18,176000,9,1987
양천구,목동신시가지10,53.82,26,101000,8,1987
양천구,목동신시가지11,66.24,24,125000,4,1988
양천구,목동신시가지11,51.48,29,85000,14,1988
양천구,푸른마을4,84.88,21,75000,8,2002
영등포구,드림리버빌,117.41,1,90000,17,2002
영등포구,리버뷰,15.05,8,13300,13,2015
영등포구,리버뷰,15.05,8,13300,13,2015
영등포구,리버뷰,18.36,10,12000,8,2015
영등포구,당산계룡리슈빌1단지,40.136,19,61000,12,2014
영등포구,당산어울림2차,84.8711,10,100500,7,2009
영등포구,당산현대5차,84.69,25,100000,5,2000
영등포구,신대림신동아파밀리에,126.3249,30,68000,2,2013
영등포구,쌍용플래티넘S,18.24,2,7600,3,2013
영등포구,쌍용플래티넘S,22.68,3,17500,12,2013
영등포구,우성1,83.59,2,78000,1,1985
영등포구,코오롱,59.94,22,73000,22,1998
영등포구,코오롱,84.93,26,95000,4,1998
영등포구,현대3,43.92,12,57500,11,1997
영등포구,문래힐스테이트,84.92,11,109000,18,2003
영등포구,문래대림,59.96,23,60500,17,2000
영등포구,건영,95.64,9,90000,6,1985
영등포구,더샵파크프레스티지,84.9,8,120000,26,2022
영등포구,래미안에스티움,84.93,5,115000,2,2017
영등포구,래미안에스티움,59.95,11,98000,11,2017
영등포구,래미안에스티움,84.92,25,114000,2,2017
영등포구,래미안에스티움,59.95,28,88000,2,2017
영등포구,래미안영등포프레비뉴,84.98,4,123700,14,2015
영등포구,래미안영등포프레비뉴,59.99,19,88000,6,2015
영등포구,신길파크자이,84.98,22,122000,11,2022
영등포구,프리가,16.09,14,13500,13,2013
영등포구,한성,84.98,13,105000,12,1997
영등포구,한성,134.33,13,119000,2,1997
영등포구,대우트럼프월드Ⅰ,178.5,9,302000,28,2002
영등포구,롯데캐슬엠파이어,182.62,28,290000,39,2005
영등포구,내이처해밀,14.24,12,12400,10,2012
영등포구,내이처해밀,14.24,17,13000,12,2012
영등포구,내이처해밀,14.24,28,12390,4,2012
영등포구,여의도더리브스타일,14.8376,4,21500,3,2020
영등포구,여의도시티아이,12.59,25,13300,13,2013
영등포구,헤렌어반,13.331,11,12000,2,2011
영등포구,헤렌어반,16.505,25,12000,3,2011
용산구,프라임팰리스,13.69,15,16500,18,2012
용산구,프라임팰리스,13.69,19,16500,14,2012
용산구,주미,79.21,5,149150,7,1973
용산구,용암한신,72.66,24,60000,5,1982
용산구,동아그린,43.02,8,99000,12,1999
용산구,이촌동삼성리버스위트,180.82,23,375000,5,2002
용산구,이촌코오롱(A),114.69,18,200000,6,1999
용산구,용산파크자이,99.85,7,160000,6,2005
용산구,한강로대우아이빌,28.22,27,36500,15,2004
용산구,센트럴파크,102.8617,7,290000,27,2020
용산구,나인원한남,206.8953,7,945000,8,2019
용산구,장미1,77.39,8,169000,1,1976
용산구,장미1,74.38,17,176000,3,1976
용산구,장미1,74.38,17,176000,3,1976
은평구,역촌맨션,65.78,22,26600,3,1973
은평구,역촌맨션,53.2,22,19600,3,1973
은평구,역촌맨션,65.78,30,34415,5,1973
은평구,역촌맨션,65.78,30,36300,2,1973
은평구,역촌맨션,53.2,30,29200,4,1973
은평구,역촌맨션,53.2,30,29200,2,1973
은평구,역촌맨션,53.2,30,27980,6,1973
은평구,역촌맨션,66.43,30,35500,1,1973
은평구,역촌맨션,65.78,30,36400,2,1973
은평구,경남아너스빌,84.69,23,52000,8,2004
은평구,북한산푸르지오,84.99,16,87000,5,2015
은평구,북한산포레스트,29.02,23,36500,4,2021
은평구,정익제이원5차,16.07,18,23300,7,2016
은평구,DMC롯데캐슬더퍼스트,39.83,4,50000,1,2021
은평구,대림한숲(DMC이편한세상),59.895,30,50000,1,2003
은평구,신아,57.06,7,34900,7,2008
은평구,녹번역e편한세상캐슬,59.96,30,82750,6,2021
은평구,다원(107-4),57.23,7,43000,9,2011
은평구,백련산해모로,59.92,15,75000,4,2020
은평구,프라임팰리스,71.16,29,50000,14,2003
은평구,힐스테이트녹번역,59.99,16,81000,7,2022
은평구,디오반,14.46,25,11000,5,2011
은평구,은평뉴타운구파발(삼성래미안9단지),134.83,19,110000,4,2010
은평구,은평뉴타운기자촌11단지,84.94,17,72000,7,2015
은평구,은평뉴타운박석고개(힐스테이트12단지),59.85,21,70000,11,2009
은평구,은평뉴타운상림마을(푸르지오C-6),84.79,20,65500,3,2008
은평구,은평뉴타운상림마을(푸르지오C-8),101.93,10,77000,5,2008
은평구,은평뉴타운솔하임,45.044,21,58000,18,2017
은평구,은평스카이뷰자이,84.7488,6,95000,32,2019
종로구,동성아파트(1동),57.96,11,35000,1,1999
종로구,아남2,84.9,14,90000,4,1996
종로구,종로아인스빌,12.15,28,12000,14,2013
종로구,종로중흥S클래스,17.811,5,12900,13,2013
종로구,이화에수풀,16.98,15,18600,7,2014
종로구,운현신화타워,84.26,2,65000,11,1998
종로구,창신쌍용2,54.7,19,59500,9,1993
종로구,CS타워,21.94,26,15300,10,2011
중구,경서,55.8,28,33000,3,1970
중구,신당아르브,18.08,14,15700,6,2014
중구,약수하이츠,57.63,12,86000,15,1999
중구,약수하이츠,57.63,24,85000,12,1999
중구,삼정아트테라스정동,22.0989,16,39000,2,2020
중구,한양I-Class,16.37,2,13300,17,2013
중랑구,금호어울림(580-1),84.94,15,60000,2,2006
중랑구,두원,59.31,5,55000,7,1998
중랑구,세모하이츠(B),47.18,17,24500,7,2003
중랑구,풍림,59.4,29,47000,5,1997
중랑구,묵동포레시타,14.95,29,11800,3,2013
중랑구,태창네스트빌,84.3875,21,51000,1,2005
중랑구,건영2차아파트,74.25,23,59500,15,1996
중랑구,건영캐스빌,84.6475,29,74000,5,2006
중랑구,동부아파트,54.0,23,41600,10,1999
중랑구,상봉힐스테이,17.25,29,30500,5,2021
중랑구,주함해븐타워,14.94,4,13600,13,2015
중랑구,주함해븐타워,15.17,28,13900,7,2015
중랑구,프레미어스엠코,84.83,21,107000,26,2013
중랑구,동성1,65.56,10,55000,8,1993
중랑구,동성아파트,59.4,21,47500,3,1997
중랑구,신내11대명,39.76,16,37500,3,1996
