id,hour,hour_bef_temperature,hour_bef_precipitation,hour_bef_windspeed,hour_bef_humidity,hour_bef_visibility,hour_bef_ozone,hour_bef_pm10,hour_bef_pm2.5,count
3,20,16.3,1,1.5,89,576,0.027,76,33,49
6,13,20.1,0,1.4,48,916,0.042,73,40,159
7,6,13.9,0,0.7,79,1382,0.033,32,19,26
8,23,8.1,0,2.7,54,946,0.04,75,64,57
9,18,29.5,0,4.8,7,2000,0.057,27,11,431
13,2,13.6,0,1.7,80,1073,0.027,34,15,39
14,3,10.6,0,1.5,58,1548,0.038,62,33,23
16,21,16,0,6,21,1961,0.05,90,28,146
19,9,13.8,0,1.9,64,1344,0.039,93,19,39
20,14,17.2,0,2.1,32,1571,0.025,64,19,83
21,4,5.7,0,0.6,77,1960,0.028,14,18,6
22,10,15.4,0,2.7,62,1362,0.039,99,21,42
24,9,14.1,0,3.2,59,1808,0.028,52,18,59
27,10,9.2,0,1.9,55,462,0.023,91,84,60
28,1,20,0,1.8,58,2000,,,,74
29,13,14,1,2.8,42,1518,0.03,49,37,5
30,21,18.8,0,2.2,34,2000,0.04,32,14,217
32,17,11.5,1,3,91,555,0.036,29,21,64
33,13,22.6,0,,41,987,0.046,64,39,208
34,18,18,1,1.9,82,685,0.044,99,42,15
35,10,15.4,0,3.1,19,1225,0.032,199,18,58
36,8,12.6,0,5.3,53,1576,0.014,52,40,209
37,16,19.4,0,5.9,21,2000,0.052,52,14,122
38,23,15.4,0,1.4,87,423,0.019,85,35,87
44,3,17.2,0,1.6,59,1277,0.052,49,32,30
45,0,11.7,0,3.5,80,895,0.044,58,31,34
46,2,13,0,0.5,48,1992,0.043,73,26,29
47,7,10.9,0,0.8,77,1092,0.035,79,17,18
48,15,18,0,3.3,20,2000,0.045,54,21,106
49,2,8.9,0,0.9,52,839,0.011,80,71,10
50,10,16.8,0,1.8,62,955,0.016,55,23,81
53,14,20.8,0,4.6,18,2000,0.071,38,22,258
55,19,11.4,0,2.2,87,800,0.04,39,27,150
56,21,10.2,0,0.5,84,1668,0.021,24,,127
57,22,23.4,0,2.6,37,2000,0.015,26,16,214
58,11,21.2,0,2.3,45,1929,0.034,30,19,115
64,13,19.8,0,1.8,29,1943,0.041,62,26,155
67,15,19.7,0,4.5,31,1795,0.065,64,39,138
69,22,20.8,0,1.8,48,1781,0.028,55,31,221
70,5,15.3,0,1.8,52,1363,0.04,65,39,16
72,19,18.9,0,2.8,59,1806,0.042,49,26,218
73,22,14.9,0,2.5,66,1975,0.039,45,19,201
74,13,20.2,0,2.9,23,1304,0.065,43,18,110
75,3,15.1,0,0.8,74,1935,0.034,32,20,30
76,17,21.7,0,3,35,2000,,32,19,213
77,17,25.1,0,4.5,33,2000,0.06,32,21,268
78,1,12.2,0,3,49,1071,,,,36
79,14,19.4,0,5.7,40,1971,0.05,61,16,268
81,17,14.6,1,2.7,84,1645,0.044,21,14,93
83,6,11,0,1.3,25,1056,0.041,213,21,12
84,20,15.6,0,3.2,30,1211,0.06,69,58,130
85,10,16.6,0,3.1,53,1945,0.027,76,14,89
86,21,14.7,0,2.9,46,1754,0.051,88,19,88
87,2,11.4,0,2.1,40,1766,0.033,103,24,23
88,21,20.1,0,1.2,42,1716,0.049,70,31,187
89,11,23.4,0,2.3,34,1911,0.042,44,25,95
90,7,8.9,0,0.2,75,642,0.033,66,36,19
91,10,12.1,0,1.5,47,1842,0.009,90,25,60
92,13,13.5,0,3.2,32,1758,0.042,41,37,172
93,5,15,1,1.2,88,203,0.026,35,24,3
95,2,18.6,0,1,75,274,0.018,115,73,36
96,21,18.8,0,3.9,64,687,0.07,87,52,190
97,21,18.6,0,2.3,35,987,0.031,178,37,139
99,16,22.3,0,2,20,2000,0.055,33,19,264
100,5,12.5,0,2,43,2000,0.04,17,9,23
103,13,25.3,0,2.4,31,1893,0.034,59,32,137
104,12,18.6,0,3.2,56,1276,0.05,51,24,120
105,15,21.1,0,6,19,1957,0.072,35,17,348
106,6,12.7,0,3.9,41,2000,0.039,13,9,38
108,3,17,0,0.5,47,1218,0.039,71,39,21
109,13,24.7,0,2.2,48,1926,0.036,26,18,121
110,3,18.1,0,1.5,64,2000,0.013,31,22,15
111,2,6.4,0,0.9,58,1039,0.031,72,56,3
114,10,20.4,0,1.7,39,1631,0.023,39,22,101
117,2,15.1,0,0.6,47,2000,0.006,38,24,41
118,22,16.2,0,3.5,29,2000,0.044,46,14,117
119,5,11,0,1.6,84,469,0.049,61,33,12
123,23,15.4,0,2.8,71,1926,0.024,33,16,124
124,11,15,0,1.4,50,1517,0.03,48,24,86
125,9,15.1,0,2.2,71,791,0.016,53,24,104
126,0,15.5,0,0.9,30,2000,0.004,51,32,76
127,21,22.1,0,2.6,56,2000,0.028,30,21,222
128,15,29.1,0,3.9,20,1950,0.069,50,30,106
129,7,13.2,0,0.9,55,2000,0.041,34,17,100
130,1,9.4,0,2.5,65,1907,,,,39
131,14,20.1,0,4.9,52,1331,0.063,53,28,130
133,7,17.7,0,0.6,66,1996,0.006,34,28,106
134,2,10.7,0,2.4,72,990,0.042,52,25,30
135,22,19.9,0,2.8,44,2000,0.039,29,22,196
136,20,20.7,0,4.1,31,2000,0.043,40,13,191
137,7,6.4,0,0.7,83,1147,0.018,55,21,82
138,14,22,0,5.5,57,1105,0.054,44,24,41
139,5,8.2,0,0.4,71,1758,0.034,46,19,10
140,10,16.8,0,2.1,63,1086,0.026,36,18,99
141,23,17.8,0,2.2,52,2000,0.023,32,19,183
142,19,25,0,3.7,24,2000,0.054,41,23,252
144,22,14.3,0,1.7,72,820,0.006,60,45,108
145,11,23.3,0,1.2,32,1001,0.027,63,33,104
146,19,17.8,0,3.6,53,746,0.04,83,47,204
148,12,18.6,0,1.4,57,788,0.042,74,43,116
149,16,15.8,0,5.3,17,1923,0.047,,,102
154,3,11.7,0,3.9,98,150,0.041,20,20,3
157,20,11.4,0,2.5,85,716,0.033,38,26,102
158,11,21.5,0,1.9,37,1284,0.053,90,37,112
160,8,19.4,0,2.7,71,627,0.053,68,39,191
162,4,8,0,1.5,53,861,0.005,82,77,8
164,3,8.5,0,1.1,54,848,0.007,81,73,8
165,18,25.4,0,3.4,33,2000,0.06,40,21,369
166,9,10.1,0,0.4,60,1421,0.013,52,24,107
167,16,29.6,0,3.6,14,2000,0.061,49,28,164
168,19,20,0,3.8,72,1406,0.022,37,22,5
169,10,11.7,0,1,34,914,0.009,90,70,65
170,20,16.9,0,3.4,63,1966,0.041,46,22,185
171,12,18.3,0,5.3,37,1992,0.045,48,11,125
172,16,23.4,0,3.6,39,1670,0.074,59,40,291
173,17,21.8,0,4,23,1999,0.055,35,20,250
174,10,9.5,0,2.7,99,182,0.023,24,23,37
175,15,28.4,0,5.1,43,990,0.099,77,49,97
176,20,22.7,0,3.1,41,732,0.1,102,60,249
178,18,13.3,0,4.3,73,1518,0.044,45,22,145
179,3,13.2,0,2.5,25,950,0.041,269,21,16
180,21,12.9,0,3.4,48,2000,0.042,45,23,132
181,16,26.2,0,4.3,31,1718,,47,23,136
182,21,15.5,0,3.2,64,1994,0.039,40,19,194
183,0,18.5,0,0.9,46,1848,0.008,69,44,69
184,2,18,0,2.1,66,1659,0.023,40,29,20
185,17,27.2,0,4.4,45,1621,0.082,55,32,304
187,14,28.4,0,3.4,44,819,0.082,78,52,97
189,7,10.7,0,1.3,93,177,0.015,71,58,6
193,19,27,0,3.6,39,2000,0.047,,,319
194,3,10.7,1,3.3,56,1392,0.032,103,23,12
196,9,18.7,0,1.3,43,1108,0.01,71,40,97
197,20,10.4,0,1.7,84,1337,0.018,27,27,86
198,22,8.4,0,3.5,60,2000,0.03,47,36,58
199,4,17.8,0,1.8,91,328,0.013,25,22,9
201,17,20.8,0,3.2,22,1135,0.068,74,57,118
202,9,14.7,0,2,68,589,0.01,65,44,60
203,13,19.3,0,3.2,52,929,0.011,126,37,148
204,2,17.8,0,1.5,47,2000,0.028,34,22,50
205,15,22.2,0,4.9,56,1501,0.058,46,24,11
206,10,18.2,0,2.4,60,527,,,,66
207,18,15.2,0,7.4,84,453,0.062,62,28,115
208,1,18.8,0,1.1,61,2000,,,,62
212,23,12.2,0,2.3,72,869,0.034,72,34,80
213,21,10.5,0,2.6,17,2000,0.038,58,15,122
216,20,23.6,0,4,60,1082,0.078,61,37,247
217,9,17.6,0,0.9,47,1892,0.013,36,22,121
220,1,18.4,0,3.1,31,2000,,,,63
221,11,22.2,0,2.2,38,676,0.04,106,52,85
223,0,18.6,0,0.3,58,554,0.053,110,63,104
224,23,12.7,0,2.1,60,737,0.061,88,60,75
226,3,16.8,0,1.6,40,1994,0.046,48,25,30
227,18,25.3,0,4.7,31,2000,0.061,30,17,293
229,13,26.4,0,4.1,27,1943,0.061,44,23,92
230,0,11.4,1,2.8,84,350,0.012,69,59,17
231,15,19.7,0,4.6,16,1986,0.047,31,12,104
232,7,11.4,0,1.6,82,460,0.039,74,44,12
233,12,25.7,0,1.6,44,1144,0.02,49,30,119
234,1,15.3,0,1.4,77,1542,,,,41
235,11,17.4,0,2.7,46,876,0.019,76,35,111
237,20,23.2,0,4.7,38,2000,0.043,41,29,278
238,5,7.5,0,0.9,68,2000,0.029,61,16,10
239,18,19.4,0,4.5,37,1789,0.058,54,31,305
240,13,22.6,0,4.2,55,1486,0.046,32,23,115
244,9,12.4,0,1.6,77,550,0.029,73,41,74
246,4,16.9,0,2,71,1636,0.037,29,22,8
248,4,10.4,0,0.2,83,1235,0.027,35,24,13
249,0,16.6,0,2.3,47,1048,0.074,76,41,89
250,2,12.3,0,1.2,54,1814,0.036,78,20,24
255,16,11.6,1,4.3,92,320,0.041,,,36
256,2,11.4,0,1.6,83,610,0.048,57,32,37
257,20,14.2,0,2.5,76,1736,0.043,29,24,138
259,17,18.6,0,5.8,22,1935,0.062,62,16,148
262,14,18.8,0,3.8,23,2000,0.047,40,14,113
263,6,13,0,1.2,80,611,0.02,56,41,15
264,5,9.9,0,0.5,85,1082,0.018,34,26,12
268,1,8.8,0,3.6,62,1997,,,,45
271,5,9.5,0,0.5,49,2000,0.027,26,19,11
272,7,15.8,0,2,73,776,0.036,30,23,109
273,6,11.1,0,2,92,202,0.011,76,63,14
274,10,13.4,0,2.8,35,2000,0.024,30,20,92
276,22,17.2,0,2.1,23,2000,0.011,37,24,173
277,13,18.2,0,2.7,39,1678,0.039,55,21,138
280,11,19.6,0,2.9,50,602,0.061,193,54,66
281,4,10.1,0,1.6,73,937,0.04,50,22,12
282,13,21.4,0,1.8,54,737,0.032,77,28,114
283,7,7,0,1,57,835,0.004,79,69,71
284,16,18.2,0,2.7,30,1932,0.051,56,15,129
285,12,25.3,0,2.6,39,1809,0.048,33,24,168
290,7,16.2,0,1.7,51,1583,0.004,65,46,87
291,3,7.9,0,1.7,73,1827,0.034,52,21,14
292,12,23.5,0,2,55,1788,0.027,26,18,138
295,8,9.2,0,0.8,90,347,0.022,39,,160
296,5,13.2,0,1,81,722,0.019,51,24,13
298,4,18.5,0,0.2,55,2000,0.014,30,21,17
299,20,16.4,0,4.2,33,2000,0.052,53,24,155
300,6,11.5,0,0.5,43,869,0.012,72,64,21
301,23,19.3,0,3.7,52,812,0.058,108,64,143
305,4,13.1,0,0.4,73,1480,0.005,33,19,13
306,9,21.3,0,1.2,45,1993,0.008,31,19,129
308,21,15,0,2.7,30,2000,0.056,33,21,109
310,10,19.4,0,3.6,37,1462,0.04,81,38,83
313,20,10.2,0,2.3,47,2000,0.047,41,29,61
316,14,23.4,0,2.6,43,844,0.047,71,46,229
317,6,9.9,0,0.3,77,774,0.026,63,31,13
318,20,19.7,0,4.3,60,1991,0.042,35,24,244
320,5,14.7,0,0.2,48,2000,0.023,28,20,19
321,17,23,0,2.5,40,921,0.034,43,35,159
324,23,15.4,0,2.2,33,2000,0.034,49,19,85
326,2,12.7,0,2.5,45,2000,0.037,32,25,21
328,4,18,0,1.3,75,259,0.007,110,68,15
329,8,15,0,1.1,50,1465,0.006,54,29,46
331,21,19.4,0,3.4,40,2000,0.04,33,17,199
334,16,27.5,0,5,24,1916,0.067,45,27,148
335,6,6.6,0,0.4,83,1109,0.024,54,20,22
336,20,15.4,0,5.3,46,1536,0.058,99,23,81
337,14,17.8,0,2.7,56,524,0.025,72,59,203
339,11,16.4,0,4.1,26,1923,0.034,40,16,101
340,22,22.8,0,2.5,67,1899,0.018,33,25,221
342,8,10.3,0,4.3,43,2000,0.032,34,26,195
343,4,9.9,0,2.6,49,2000,0.04,32,16,14
344,2,19.8,0,2.2,58,1632,0.025,63,30,52
346,1,12.4,1,2.4,99,232,,,,6
347,23,16.6,0,0.4,26,2000,0.004,60,32,105
351,10,14.4,0,3.1,32,1767,0.029,42,22,79
353,12,24.7,0,2.7,31,2000,0.05,26,17,142
354,23,19.8,0,2.2,57,2000,0.004,32,21,153
357,6,9.2,0,2.2,77,848,0.03,46,25,43
359,15,27,0,3.9,43,1090,0.043,54,32,133
360,4,15.9,0,1.7,59,669,0.02,103,62,20
361,23,16.8,0,2.2,45,2000,0.03,31,17,123
362,5,18.6,0,2.3,61,1527,0.025,56,30,28
364,23,11.8,0,2.6,78,916,0.041,58,32,79
365,14,23.1,0,3.6,44,620,0.08,237,62,91
366,17,22.3,0,2.7,42,819,0.073,200,,151
367,16,19.2,0,3.5,54,2000,0.044,32,16,137
368,1,9.9,0,1.3,85,522,,,,35
370,9,8.8,0,1.8,44,833,0.005,86,69,88
373,16,23.5,0,4.1,20,1947,0.067,48,25,332
374,23,21.3,0,2.3,68,900,0.056,65,38,140
376,10,17.2,0,0.8,56,648,0.018,67,48,75
377,12,18,0,5,18,1268,0.037,163,16,77
378,6,8.7,0,0.7,85,490,0.006,76,36,13
379,13,24,0,3.5,49,1986,0.051,42,29,119
381,1,14.1,0,,55,1992,,,,38
382,16,21.1,0,5.6,21,1939,0.075,37,21,382
383,15,19.2,0,5.4,23,2000,0.049,42,13,121
384,3,13.5,0,0.2,72,839,0.036,60,40,27
385,11,14.9,0,2.5,33,1928,0.023,38,20,85
386,3,13.8,0,1,81,849,0.032,48,19,18
387,23,12.1,0,1,76,1995,0.036,25,23,78
389,4,16.1,0,0.6,45,1968,0.036,47,26,13
390,12,23.7,0,2.6,36,1534,0.045,53,30,125
395,22,15.6,0,0.3,86,507,0.02,68,30,102
397,9,11.2,0,0.8,67,660,0.009,75,38,70
398,6,17.3,0,1.2,90,533,0.021,26,20,37
399,20,19.9,0,1.5,13,2000,0.045,18,14,168
400,14,27.2,0,2,36,1299,0.041,51,31,118
402,13,15.8,0,2.5,61,455,0.02,75,66,141
403,0,19.5,0,2.4,55,2000,0.003,34,22,98
404,3,14,0,,50,2000,0.049,35,22,17
405,7,17,0,1.4,89,536,0.021,29,22,103
406,2,15.6,0,0.8,71,1908,0.03,33,19,44
408,19,23.5,0,4.4,33,1428,0.064,98,41,201
411,16,26.6,0,4.8,38,2000,0.063,30,23,300
412,1,19,0,0.6,78,258,,,,46
413,19,22.5,0,3.7,53,904,0.082,84,53,262
414,5,18.8,0,1.4,74,618,0.055,61,37,18
415,17,24.1,0,2.8,53,525,0.082,88,51,158
417,16,26.2,0,3.9,33,2000,0.063,36,23,254
419,2,12.4,0,3.5,42,1448,0.063,73,47,25
423,2,14.1,0,4.5,42,2000,0.037,21,12,40
425,14,26.4,0,3.5,32,1911,0.067,29,18,229
426,10,7.7,0,0.5,65,990,0.011,35,,55
427,6,13.4,0,1.9,78,815,0.02,53,26,36
430,20,25.7,0,2.7,54,1978,0.025,48,31,252
432,19,24.1,0,4.2,34,2000,0.051,36,16,278
433,0,14.5,0,2.2,67,1661,0.033,47,18,62
434,14,20,0,1.9,44,930,0.034,124,39,156
436,15,25.6,0,2.1,30,1894,0.066,44,25,114
437,20,19.3,0,2.4,36,935,0.046,176,39,123
438,20,16.9,0,3.5,64,754,0.03,68,53,124
440,22,10.1,0,1.7,86,459,0.006,40,40,112
442,21,18,0,2.7,51,1967,0.056,54,33,178
443,23,19.1,0,2.2,44,2000,0.042,27,20,152
444,7,4.4,0,0.6,71,633,0.033,76,71,76
445,8,14.7,0,1.6,70,1577,0.026,28,16,56
446,0,17.7,0,1.1,36,1111,0.027,155,35,78
448,19,21.7,0,3.8,19,2000,0.064,37,20,191
450,1,12.1,0,1.8,34,2000,,,,23
453,9,15.1,0,4.2,63,1849,0.028,39,21,118
455,22,13.9,0,1.8,25,2000,0.035,41,18,157
456,16,29,0,4.1,41,1207,0.106,72,49,126
457,3,16.5,0,1.1,43,1068,0.01,162,39,32
459,18,22,0,3.3,11,2000,0.053,17,13,336
460,8,8.1,0,0.4,70,1378,0.007,52,25,194
461,17,28.8,0,2.9,40,1354,0.093,66,43,176
462,12,25,0,1.9,54,699,0.056,66,41,113
464,9,19.8,0,0.6,57,1721,0.008,40,29,138
465,10,11.9,1,2.4,54,935,0.005,73,61,30
466,10,20.7,0,4.1,43,1480,0.044,32,21,109
468,13,19.4,0,4.9,55,1449,0.055,53,28,108
469,10,23.3,0,1.4,33,1994,0.009,32,20,118
472,11,24,0,2.2,42,1966,0.038,44,26,121
473,11,23.4,0,1.8,58,690,0.057,64,40,95
475,19,15.3,0,3.3,40,2000,0.045,59,26,188
476,19,10.8,1,3.9,92,250,0.032,34,28,1
477,14,26.8,0,4.2,28,1514,0.086,60,36,102
479,19,21.2,0,1.9,47,1881,0.041,42,25,296
480,8,14.5,1,1.9,94,128,0.013,60,34,165
481,22,14,0,2.7,30,2000,0.049,26,15,100
482,21,14.6,0,3.8,29,2000,0.044,43,19,163
487,5,9.1,0,1.2,83,495,0.014,81,39,8
488,2,18.2,0,2.1,64,2000,0.003,33,23,40
489,10,15.1,0,7.3,37,1992,0.04,45,19,66
490,23,15.2,0,1.4,58,2000,0.041,31,16,122
492,7,13.7,0,0.3,71,508,0.062,81,50,19
493,1,9.9,0,1.6,62,1755,,,,41
496,5,4,0,0.3,78,1521,0.021,28,28,8
498,8,19.2,0,1.6,56,2000,0.008,31,19,267
500,23,11.7,0,2.9,65,1446,0.041,50,21,114
501,0,10,0,0.5,50,830,0.026,82,70,46
502,9,15,0,2.9,59,1921,0.018,58,17,113
503,15,13.4,1,3.7,62,969,0.043,43,35,2
504,1,15,0,1.5,65,1167,,,,70
505,13,16.8,0,7.5,43,2000,0.053,55,17,3
506,0,15.3,0,1.2,87,391,0.015,75,35,91
507,17,19.5,0,2.6,54,579,0.059,66,51,195
508,12,13.1,0,3.1,48,1012,0.016,70,57,22
509,18,19.8,0,5.3,21,2000,0.072,38,22,266
510,23,11.1,0,2.9,55,2000,0.033,47,21,85
511,1,11.4,0,1.7,40,1645,,,,27
512,21,15.5,0,3.4,45,2000,0.054,45,21,163
513,14,13.2,1,4.7,81,604,0.053,52,19,27
514,4,16,0,0.1,52,1162,0.041,68,41,15
516,18,22.6,0,5.4,18,2000,0.066,39,21,252
517,13,10.3,0,1.4,89,599,0.022,27,26,55
519,21,13.3,0,3.1,48,1880,0.052,54,26,162
520,7,10,0,0.5,51,1948,0.028,84,25,72
522,19,28.7,0,3.3,8,2000,0.052,22,10,317
523,10,21.5,0,1.1,65,1302,0.02,27,18,87
524,8,9,0,2.5,17,2000,0.018,41,13,197
526,12,21.8,0,3.6,47,1903,0.056,34,21,147
527,9,13.4,0,2.6,21,986,0.027,212,20,59
528,15,12.7,1,4.8,88,293,0.044,,,8
530,2,17.2,0,0.4,44,1048,0.022,162,39,38
531,15,21.2,0,3.7,12,2000,0.047,23,12,133
533,8,14.8,0,1.1,52,2000,0.015,37,22,224
535,2,13.2,0,2.4,29,1271,0.033,60,51,26
536,12,19.7,0,3.5,45,1307,0.053,124,21,80
537,18,18.3,0,4.3,43,1304,0.056,76,30,299
538,21,21.4,0,3.7,49,1790,0.027,54,30,207
539,0,17.2,0,1.8,35,2000,0.043,24,19,137
541,13,26.3,0,2,42,1502,0.037,53,33,114
542,14,14.6,0,6.7,14,2000,0.048,59,11,93
543,23,16.6,0,2.1,71,465,0.066,92,53,112
545,1,14.4,0,2.6,41,2000,,,,52
546,18,20.9,0,4.2,51,686,0.031,59,50,275
548,17,28.1,0,2,19,1665,0.088,65,35,248
550,20,17.4,0,3.5,30,1815,0.056,72,41,135
551,2,8.4,0,2,68,1923,0.033,55,18,21
552,14,17.2,0,3.5,28,1970,0.048,64,18,131
553,15,29.6,0,2.5,22,859,0.099,74,38,227
554,3,11.6,1,0,90,284,0.01,68,57,5
555,15,23.3,0,3.4,58,1818,0.036,32,22,110
556,22,14.3,0,1.7,35,921,0.047,83,72,104
557,8,10.7,0,2,45,1881,0.024,45,24,212
558,14,14.2,0,3.1,27,1564,0.053,49,46,186
559,0,15.4,0,2.4,41,2000,0.035,26,11,80
560,12,17.3,0,7.7,37,1999,0.051,60,12,21
561,4,14,0,1.6,43,1999,0.007,55,40,6
562,23,17.3,0,2.9,37,1325,0.063,63,35,102
565,8,11.4,0,2.1,82,440,0.027,74,42,43
566,23,13.4,0,2.1,31,2000,0.043,26,16,88
568,7,12.8,0,1.4,84,235,0.031,114,67,39
569,4,11.9,0,2.8,85,742,0.045,57,22,27
570,0,14.3,0,,49,2000,0.044,37,20,58
571,5,5,0,0.3,59,1022,0.04,70,64,12
573,4,10.6,0,1.8,80,512,0.019,53,45,8
574,9,9.8,0,3.3,58,1263,0.01,107,21,124
575,16,18.4,1,8,77,1006,0.06,61,27,46
576,2,11.2,0,1.6,55,1583,0.024,62,31,43
579,15,19.7,0,3.4,61,1053,0.044,48,29,113
580,9,15.3,0,1.5,43,1084,0.032,110,29,95
581,12,18,0,2.3,53,978,0.015,123,34,122
582,19,11.7,0,2.6,51,2000,0.043,29,25,77
583,13,27.3,0,2.7,26,836,0.055,77,40,189
584,17,19.9,1,0.9,56,1082,0.06,109,37,4
586,18,21.9,0,4.1,17,1987,0.056,61,16,150
587,13,20.6,0,1.7,48,1813,0.035,40,18,107
591,16,19,0,3.2,22,1285,0.067,71,59,125
593,2,10.9,0,0.8,79,1918,0.018,31,23,28
595,12,17.2,0,3.4,56,1478,0.035,34,24,19
597,4,7.5,0,0.4,79,1636,0.032,56,21,6
600,3,5.7,0,0.8,74,2000,0.032,12,13,21
601,19,15.9,0,3.5,47,1626,0.043,79,25,205
602,8,19,0,1.4,75,537,0.049,55,33,222
603,4,15.6,0,2.1,65,636,0.081,83,48,27
604,16,24.2,0,3.4,33,1633,0.075,77,42,296
612,5,11.9,0,0.6,41,879,0.032,66,60,10
613,17,19.6,0,4.2,36,1231,0.059,77,29,205
619,15,20,0,4,39,2000,0.055,22,17,281
620,19,26.5,0,4.4,31,1973,0.071,45,28,324
621,6,13.5,0,0.5,49,2000,0.051,29,18,37
622,5,10.2,0,0.7,75,726,0.03,68,31,12
623,7,14.8,0,1.3,55,1305,0.017,65,42,65
625,11,22,0,2,39,1677,0.037,46,28,88
626,19,16.8,0,6.2,41,1467,0.056,108,20,111
627,5,10.9,0,3.8,10,2000,0.047,45,13,10
628,9,12.2,0,1.9,42,1946,0.01,41,26,106
630,8,13.5,0,0.8,78,972,0.024,36,19,189
632,15,18.8,0,3.8,41,1632,0.043,78,26,119
634,4,18.9,0,1.7,80,459,0.04,70,41,13
635,10,16.6,0,0.9,53,1145,0.011,128,30,63
636,16,24.4,0,3.3,52,549,0.078,81,45,127
639,2,10.8,0,1.4,22,1998,0.038,64,19,24
640,6,14,0,0.4,71,533,0.069,82,50,9
641,7,17.8,0,1.2,58,2000,0.012,30,22,108
642,8,9.5,0,1.5,72,955,0.02,47,22,214
647,17,26.6,0,4,39,1081,0.091,84,48,287
649,16,20.5,0,4.2,36,2000,0.055,20,14,302
653,8,15.7,0,1.4,51,1157,0.01,66,41,169
654,18,20.3,0,4.1,24,2000,,57,27,320
655,10,21.6,0,1.4,40,1739,0.026,45,28,95
658,9,18,0,1.8,44,1961,0.03,31,20,79
661,7,11.1,0,1.3,84,967,0.034,54,19,21
663,12,21.9,0,2.6,41,1618,0.04,46,25,113
664,3,8.9,0,1.4,62,1994,0.041,46,18,23
666,12,13.8,0,2.8,42,516,0.031,104,89,82
667,1,15.5,0,5.4,48,540,,,,40
668,21,13.1,0,2.7,60,1582,0.025,76,28,121
669,13,21.6,0,3.5,34,990,0.037,78,40,184
670,22,12.5,0,4,76,525,0.013,67,54,60
671,5,13.2,0,0.1,76,698,0.023,56,42,17
672,15,24.2,0,5,30,1937,0.067,48,25,140
673,5,15.7,0,1,62,1704,0.019,42,28,22
674,22,11,1,2.9,95,177,0.028,29,29,2
676,11,16.9,0,5.5,35,1948,0.045,51,13,52
677,8,14.3,0,0.6,69,493,0.061,87,52,33
678,5,11.8,0,0.8,51,1694,0.055,102,30,26
679,16,20,0,4.9,24,1976,0.071,46,19,162
680,20,12.9,0,4,70,1355,0.053,54,27,85
683,13,19.4,0,2.5,16,2000,0.045,27,14,122
684,9,12.1,0,1.9,58,771,0.032,65,36,60
687,6,17.7,0,0.6,56,2000,0.014,31,20,49
688,6,9.8,0,0.1,84,874,0.009,35,27,32
690,12,21.4,0,3,46,565,0.064,213,57,104
691,0,17.9,0,0.7,87,582,0.004,32,25,30
692,18,29.3,0,2.6,32,1661,0.082,45,32,380
693,15,21.6,0,3.4,21,2000,0.053,33,17,284
694,7,7.9,0,1,55,2000,0.028,30,19,96
695,17,20.1,0,4.5,25,2000,,58,29,236
697,18,18.1,0,4.1,61,2000,0.039,27,16,339
698,15,22.5,0,2.9,37,848,0.048,145,45,97
699,23,20.5,0,1.6,54,1808,0.028,56,31,137
700,16,27.5,0,2.9,38,1863,0.083,51,28,263
701,13,22.3,0,3.7,49,1819,0.057,38,22,118
702,6,10.4,0,1.7,50,1976,0.024,94,27,30
706,9,9.7,0,3,99,165,0.023,25,22,52
707,14,11.2,0,2.7,80,1013,0.03,25,25,75
708,14,18.5,0,3.5,33,1636,0.041,68,25,121
709,8,16.5,0,0.6,62,1600,0.022,37,28,51
710,13,19,0,1.9,28,697,0.045,87,78,88
711,1,14.1,0,2,41,2000,,,,29
712,16,19.7,0,5.4,38,1589,0.063,58,35,140
713,19,18.8,0,4.3,28,2000,0.051,40,19,211
715,1,12.3,0,1.2,78,629,,,,58
716,11,22.9,0,2.1,31,1947,0.04,25,18,127
719,6,7.2,0,0.6,55,831,0.004,78,68,19
722,14,24.6,0,2.6,32,1867,0.052,47,27,101
724,8,18.2,0,0.8,63,1987,0.005,36,25,215
725,5,12.2,0,3,76,407,0.033,67,40,11
727,1,5.3,0,2.3,76,1965,,,,24
729,0,13.8,0,3.2,69,518,0.042,79,46,46
732,8,10.5,0,0.6,35,1953,0.038,47,27,155
733,10,12.8,0,1.8,81,325,0.015,74,67,55
735,3,4.6,0,0.3,76,1951,0.03,27,25,11
736,18,26.4,0,4.4,50,1381,0.083,54,33,305
739,3,16.1,0,2.9,83,400,0.051,60,35,46
740,1,4.9,0,1.5,81,2000,,,,34
741,17,20.3,0,5.5,35,2000,0.053,60,16,276
742,23,12.1,0,3.5,76,450,0.007,74,57,11
743,11,17.2,0,2.9,74,1307,0.029,39,25,81
744,10,10.2,0,2.6,84,261,0.013,72,62,55
747,11,24,0,1.5,48,1303,0.017,45,28,92
748,0,14.8,0,1.2,64,2000,0.042,28,16,78
750,11,17.1,0,5.3,40,1984,0.043,53,14,110
751,23,13.3,0,1.8,44,1650,0.043,67,34,100
754,6,14.9,0,0.9,51,1308,0.032,62,37,34
755,13,17.7,0,2.4,50,1129,0.036,,,114
756,23,19.2,0,1.9,46,1877,0.006,64,38,101
757,11,18.4,0,0.9,57,1437,0.027,39,21,78
759,15,21.3,0,1.3,36,1368,0.041,30,27,146
760,14,21,0,2.1,71,575,0.039,74,43,88
761,18,10.6,0,3.3,83,1108,0.027,31,29,177
762,7,14.6,1,0.9,94,108,0.019,58,29,37
763,5,16.6,0,1.6,73,1228,0.017,39,27,20
764,6,15.5,0,0.4,66,465,0.013,119,75,28
767,7,13.7,0,2.5,77,772,0.023,47,26,78
771,18,25.9,0,4.5,31,2000,0.079,54,29,366
772,8,13.7,0,3.3,40,2000,0.032,17,9,215
773,21,21.3,0,0.8,47,715,0.092,100,56,229
776,2,15.4,0,1.3,76,1276,0.035,25,20,20
777,7,5.6,0,0.4,79,1992,0.007,19,18,20
778,8,7.7,0,1.5,66,1695,0.01,76,19,184
779,23,11.7,0,1.9,67,1111,0.024,75,32,96
780,10,16,0,2.8,84,976,0.028,46,31,95
782,1,11.3,1,4.3,88,295,,,,24
783,21,13.6,0,2.9,67,540,0.061,87,59,136
785,18,24.8,0,2.5,48,671,0.077,75,48,316
786,13,19,0,3.2,49,2000,0.04,55,17,122
787,4,12.3,0,1.5,36,966,0.024,96,90,14
788,19,20.7,0,3.8,42,1993,0.057,50,27,197
789,11,16.8,0,1.3,61,682,0.042,69,40,109
790,0,11.7,0,1.3,76,733,0.031,68,29,79
791,12,26.1,0,2.4,36,1562,0.043,52,31,141
792,21,15.8,0,1.1,87,620,0.026,54,27,75
793,20,22.7,0,4,36,2000,0.055,29,19,238
797,21,21,0,3,41,2000,0.046,33,22,232
799,20,20.1,0,2.5,52,2000,0.038,37,22,215
800,7,10.9,0,2,61,973,0.028,61,38,85
801,9,19.2,0,1.6,50,789,0.027,50,29,115
804,11,17.1,0,2.4,55,1982,0.035,55,12,98
808,6,8.9,0,1.4,53,2000,0.029,28,19,36
811,7,13.9,0,0.7,54,2000,0.006,42,26,106
813,10,19.1,0,2.4,69,682,0.039,56,33,89
815,16,20.5,0,4.6,34,1962,0.053,61,14,337
816,10,19.1,0,2,54,1873,0.032,29,18,101
817,23,19.6,0,1.2,59,2000,0.019,28,22,131
820,5,16.2,0,1,63,1085,0.006,71,49,15
821,7,14.7,0,2.1,54,2000,0.024,31,23,18
822,18,27.1,0,2.8,26,2000,0.057,20,14,342
823,12,22.3,0,2.8,51,575,,,,121
824,22,13.3,0,3.6,66,619,0.064,90,62,114
826,21,13.5,0,3.6,71,2000,0.039,33,27,141
827,3,13.2,0,2.2,71,496,0.034,66,41,23
828,14,26.8,0,2.7,30,1835,0.078,40,24,180
829,7,18.7,0,2,69,915,,,,127
830,20,24.8,0,3.3,55,1442,0.069,62,37,290
831,8,10,1,3.5,99,106,0.029,26,24,41
832,19,17.3,0,2.6,40,2000,0.049,19,15,137
833,4,12.3,0,0.7,49,1506,0.059,103,28,7
834,13,14.3,0,4.5,14,2000,0.044,61,14,88
835,11,14.5,0,2.1,67,912,0.027,44,32,75
837,0,12.4,0,2.6,55,965,0.059,81,54,51
838,19,16.9,0,4.4,49,1349,0.053,75,31,195
840,8,10.7,0,1.2,92,186,0.021,66,55,36
841,3,19.1,0,0.9,79,489,0.04,67,39,20
842,12,18.4,0,2.9,51,1870,0.037,56,14,122
843,9,12.4,0,2,35,1927,0.024,43,20,125
844,19,15.9,0,4.9,53,961,0.063,78,41,146
845,7,15.1,0,0.5,67,1008,0.027,48,30,76
846,20,13.5,0,3.3,76,538,0.021,64,53,106
849,12,15.5,0,2.2,25,1987,0.029,71,30,113
850,1,20,0,2.1,73,729,,,,46
854,22,12.3,0,2.3,63,1249,0.033,69,26,122
855,16,18.5,0,4.2,38,1546,0.051,80,23,138
856,10,20.8,0,1.8,45,1988,0.03,53,21,94
860,17,17.7,0,4.9,29,2000,0.049,53,15,147
862,20,20.7,0,3.1,37,2000,0.035,31,16,219
863,22,20.2,0,2.8,33,1945,0.079,68,36,206
864,8,18,0,0.3,61,1373,0.021,52,28,57
865,6,9.4,0,2.5,85,370,0.022,56,49,11
866,23,11.2,0,1.6,39,1908,0.029,97,22,73
868,21,15.7,0,3.2,52,2000,0.049,49,16,126
869,23,18,0,1.4,36,1051,0.031,166,36,131
873,12,16.2,0,2.9,57,946,0.027,,,108
875,9,14.6,0,4.8,38,2000,0.029,19,11,149
876,8,17,0,1.2,65,986,0.021,32,22,212
877,0,11.1,0,2.3,72,1290,0.04,48,25,66
878,20,16.5,0,3.4,29,2000,0.061,41,25,135
879,20,27.7,0,2.9,9,2000,0.049,20,11,271
880,14,27.1,0,2.2,29,856,0.055,88,42,113
882,9,10.9,0,1.9,50,1844,0.012,84,24,98
883,7,15.3,0,2.6,69,291,0.014,124,79,82
884,8,8.7,0,1.7,50,2000,0.006,36,19,201
885,1,16.2,0,2.8,51,919,,,,62
887,3,17.3,0,2.2,69,1636,0.032,30,24,27
888,19,20.7,0,4.3,19,2000,0.054,51,13,165
889,1,18,0,1.4,47,2000,,,,77
891,22,20.2,0,2.8,54,2000,0.022,28,21,195
892,14,18.8,0,3.7,53,1973,0.036,61,32,108
893,9,19.5,0,1.2,57,906,0.016,31,19,124
894,14,14.4,1,3.5,79,1395,0.039,41,28,1
896,7,14.6,0,0.6,53,1532,0.014,56,31,23
897,8,13.3,0,0.6,66,1144,0.006,41,28,217
898,14,26.3,0,2.1,25,1667,0.071,74,39,154
904,14,20.4,0,2.7,22,2000,0.049,45,19,235
905,20,22.6,0,2.3,43,1963,0.034,54,29,218
906,1,16.8,0,0.8,79,518,,,,95
907,16,13.2,1,3.3,87,1342,0.044,24,17,52
908,20,22.5,0,4.8,29,2000,0.053,37,22,200
909,12,17.6,0,1.7,42,1712,0.034,72,28,140
910,10,12.6,0,2.5,50,2000,0.018,42,25,76
911,11,20.3,0,2.4,69,670,0.054,58,38,85
912,11,20.3,0,2.6,56,576,,,,95
914,3,19.4,0,2.7,59,1529,0.025,65,31,32
915,13,18.2,0,4.8,21,2000,0.046,,,104
916,19,14.6,0,3,76,1996,0.045,25,22,147
917,5,14.3,0,0.7,50,2000,0.026,42,28,11
919,6,12.5,0,2.5,64,2000,0.033,41,13,40
920,16,23.9,0,6,22,2000,0.058,40,14,137
921,17,17.5,0,3.7,46,1879,0.057,78,26,136
922,16,21.3,0,2.3,43,951,0.057,145,43,8
925,2,11.9,0,1.8,78,574,0.004,61,50,29
928,20,18.5,1,2.6,89,296,0.019,40,29,38
929,19,24.3,0,3.9,30,2000,0.058,28,17,226
931,20,20.6,0,2.6,60,830,0.07,,51,190
932,9,11.3,0,1.4,90,230,0.018,67,59,43
933,21,15.2,0,1.3,68,747,0.017,60,50,144
935,9,4.9,0,2,74,879,0.008,35,35,30
936,0,11.5,0,1,74,2000,0.026,26,22,40
938,0,12.8,0,1.8,79,733,0.008,46,38,75
940,15,20.3,0,4,51,1149,0.067,55,31,120
943,17,26.6,0,3.1,33,783,0.077,115,55,172
944,5,12.4,0,1.3,64,2000,0.039,37,14,15
945,5,17.4,0,1,71,1855,0.005,33,24,26
947,4,12.3,0,2.8,22,1082,0.042,223,20,16
948,2,14.6,0,1.1,82,293,0.061,100,57,16
949,22,14,0,2.9,43,1887,0.043,83,20,91
951,3,13.3,0,2.5,43,2000,0.037,19,9,23
952,11,24,0,1.7,34,1319,0.019,72,42,114
954,10,19.8,0,2.1,48,488,0.032,130,73,106
955,1,20,0,2.2,58,1617,,,,78
956,1,11.7,0,3.1,38,2000,,,,51
957,9,6.6,0,1.7,71,1871,0.015,16,16,52
958,14,20.9,0,5.3,29,1599,0.055,58,23,140
960,22,14.4,0,5.1,22,1996,0.04,82,19,120
963,18,23.8,0,3.5,39,1777,0.053,66,36,277
965,20,23.1,0,3,50,2000,0.04,36,26,244
966,4,11.7,0,0.6,91,239,0.008,72,60,9
967,15,26.3,0,3.6,30,1805,,50,22,131
968,19,17.8,0,3.2,60,2000,0.038,26,15,232
970,14,12.9,0,2.8,39,2000,0.046,19,,164
972,6,11.1,0,1.5,83,430,0.047,70,41,15
973,14,26.7,0,1.2,37,1397,0.038,45,29,132
974,6,14.7,1,0.1,93,153,0.02,59,31,3
975,10,13.8,0,0.3,54,889,0.014,78,35,78
977,6,16.2,0,2,61,1721,0.029,35,26,19
979,6,18.3,0,2.3,64,1403,0.026,55,32,18
982,18,17.9,0,4.5,24,2000,0.054,55,17,272
983,16,30,0,3.2,16,1183,0.1,70,38,304
984,0,14.9,0,2.4,35,2000,0.034,55,20,68
985,3,10.4,0,0.6,42,2000,0.033,30,21,8
986,8,13.7,0,1.9,65,468,0.022,116,69,93
987,6,18.7,0,1,72,634,,,,53
988,12,20.6,0,2.1,62,1330,0.045,38,24,105
989,18,16.7,0,3.9,36,1892,0.044,77,28,239
991,10,19.8,0,2.8,71,679,0.048,60,36,74
992,1,17.8,0,1.2,59,676,,,,42
994,0,17.6,0,1.2,73,665,0.038,57,36,80
995,21,9.5,0,2.2,46,1139,0.056,70,61,73
997,18,22.9,0,5.5,29,2000,0.049,36,9,375
1000,5,11.8,0,2.5,21,1014,0.042,205,18,6
1001,19,27.2,0,2.6,44,1566,0.084,59,38,335
1002,5,15.4,0,0.9,50,1979,0.027,49,28,17
1003,18,12.1,0,0.9,46,2000,0.049,24,22,137
1004,9,12,0,3.6,55,1999,0.016,44,29,107
1005,15,26.7,0,3.4,30,1682,0.057,64,32,205
1007,9,16.4,0,1,62,503,0.072,86,51,57
1009,1,13.4,0,1.9,69,2000,,,,34
1010,5,16.5,0,1.1,56,2000,0.033,36,24,16
1011,17,18.9,0,4.2,55,2000,0.042,32,11,161
1012,14,23.2,0,6,42,1809,0.06,44,24,107
1014,15,26.8,0,3.7,34,1923,0.076,44,29,237
1017,13,16.3,0,1.8,22,1975,0.034,56,25,71
1018,5,10.8,0,3.3,98,91,0.036,32,24,1
1019,7,9.3,0,1.9,14,2000,0.04,42,11,73
1020,9,12.1,0,4.1,35,1975,0.028,36,28,94
1021,12,13.3,0,2.1,42,1909,0.013,87,29,82
1023,18,17.4,0,4.1,30,2000,0.044,56,23,303
1024,2,17.4,0,1.3,44,1319,0.023,68,41,39
1025,5,5.5,0,0.5,78,2000,0.022,18,,7
1027,10,21,0,0.3,57,1463,0.01,41,27,99
1029,22,12.1,0,1.8,38,1947,0.025,83,24,133
1030,18,26.7,0,4.2,32,913,0.095,86,47,286
1032,3,6,0,1.6,57,1163,0.035,62,52,11
1033,7,15.5,0,1.1,66,1211,0.022,55,36,32
1035,14,17.5,0,3.5,30,807,0.059,94,85,76
1036,10,16.2,0,2.9,36,2000,0.033,22,10,107
1038,16,22.8,0,4.3,40,716,0.075,212,,135
1039,0,14.4,0,3,75,1629,0.022,32,20,67
1041,2,12.9,0,1.9,71,2000,0.035,42,16,22
1043,7,10.4,0,2.5,44,2000,0.039,34,26,81
1044,17,22.4,0,4.5,39,1723,0.071,63,37,261
1045,15,28.4,0,2.9,31,1247,0.054,44,29,126
1047,1,14.5,0,1.7,71,1307,,,,44
1053,23,20.7,0,1.7,66,464,0.029,88,54,126
1054,0,12.8,0,1.3,85,830,0.035,41,21,87
1056,21,15.2,0,3.6,64,523,0.04,81,50,162
1057,22,20.3,0,3.4,44,1888,0.049,50,36,182
1058,10,12.2,0,3.5,41,1594,0.02,131,24,76
1059,22,17.9,1,0.8,92,377,0.015,32,24,134
1061,17,27.4,0,2.8,21,2000,0.058,24,12,317
1062,19,17.8,0,4.7,25,2000,0.048,40,16,200
1063,4,13.5,0,1.3,81,896,0.032,34,21,16
1065,21,18.8,0,4.6,69,2000,0.039,32,20,189
1067,21,21.1,0,2.7,55,2000,0.035,34,29,256
1068,1,13.3,0,0.8,29,1226,,,,34
1069,21,22.2,0,1.8,63,649,0.058,86,49,233
1070,13,20.2,0,3.6,32,2000,0.043,20,12,107
1072,11,9.3,0,2.3,60,1966,0.014,32,30,98
1074,16,11.6,0,3.2,80,628,0.029,36,33,79
1075,20,19.2,0,2.6,48,1999,0.056,54,31,162
1076,8,12.9,0,2.1,86,443,0.014,56,38,48
1077,6,11.3,0,2,51,1577,0.039,93,25,27
1078,4,18.9,0,2.3,60,1588,0.033,61,29,14
1079,8,14.2,0,2.1,75,768,0.013,51,25,226
1080,1,11.6,0,0.6,52,1853,,,,39
1081,13,19.5,0,3.7,12,2000,0.046,21,14,111
1082,23,19.5,0,1.8,61,1994,0.034,36,27,145
1083,14,20.4,0,2,25,755,0.063,91,81,105
1084,20,18.5,0,5.3,21,2000,0.049,47,16,130
1085,19,16.7,1,0.7,88,577,0.037,82,37,39
1086,3,13.3,0,0.6,72,1879,0.006,36,19,22
1087,12,23.1,0,1.5,34,1352,0.052,78,41,134
1088,19,14.8,0,3.7,82,892,0.051,46,30,136
1090,23,21.9,0,2,49,2000,0.008,34,23,150
1094,12,17.9,1,2,51,1997,0.007,73,40,2
1095,14,21.9,0,2.3,45,925,0.049,72,36,181
1100,5,9.2,0,1.8,53,2000,0.036,31,18,8
1101,18,20.8,0,3.9,48,1966,0.045,41,21,327
1103,20,17.1,0,2.4,61,2000,0.036,23,11,210
1104,22,19.9,0,0.8,42,1973,0.022,62,35,148
1105,12,19.1,0,3.9,24,1890,0.058,48,22,105
1106,8,16.6,0,0.9,63,697,0.03,33,24,208
1108,22,14.2,0,3.2,44,2000,0.043,23,18,84
1110,5,15.5,0,0.7,86,371,0.047,61,37,15
1113,1,7.1,0,1.8,56,956,,,,13
1115,17,23.5,0,2.8,38,1893,0.067,56,30,257
1119,13,24.7,0,3.4,35,1492,0.063,54,32,104
1120,15,26.7,0,5.2,34,1968,0.079,48,23,275
1121,12,19.1,0,1.7,59,842,0.016,68,26,115
1123,4,10.5,0,1.2,74,739,0.03,70,32,9
1125,11,12.5,0,1.6,44,1725,0.011,91,30,64
1126,6,14.8,0,0.9,51,1538,0.025,51,26,15
1128,20,20.1,0,4.2,22,1988,0.058,38,20,196
1129,9,17.1,0,1.6,50,1416,0.007,64,44,82
1130,7,8.6,0,1,85,490,0.004,75,38,24
1131,14,24.4,0,3.4,31,1972,0.061,36,22,217
1132,16,27.5,0,3.4,28,1984,0.062,22,14,284
1136,4,16.5,0,0.9,64,1014,0.049,48,36,20
1137,3,11.3,0,2,78,548,0.008,67,58,17
1138,19,19.8,0,2.4,65,938,0.057,57,37,215
1140,16,19.3,0,2.7,76,538,0.045,62,41,109
1141,1,18.7,0,2,64,1737,,,,29
1142,2,4.9,0,1,78,1947,0.026,30,27,16
1144,15,26.8,0,3.4,30,1980,0.065,27,18,246
1145,8,12.5,0,1.6,48,1521,0.033,102,30,171
1146,22,12.2,0,2.5,76,990,0.045,58,29,93
1147,9,19.6,0,1.4,54,1343,0.017,49,29,79
1148,18,18,0,2.8,29,884,0.065,,,207
1149,22,15.7,0,3.3,58,2000,0.024,37,18,172
1152,17,27,0,4.7,27,2000,0.065,,,185
1154,13,25.4,0,1.7,30,974,0.045,95,47,132
1156,18,23.7,0,6.4,49,1967,0.048,38,20,304
1157,0,9,0,2.6,52,2000,0.034,57,21,44
1158,21,14.7,0,3.1,37,1984,0.054,53,25,161
1159,18,22.1,0,3,41,1921,0.062,54,33,234
1160,12,13.1,0,4.6,14,1910,0.041,58,11,96
1161,10,22.5,0,1.4,48,1364,0.039,47,29,92
1164,11,22.8,0,3,53,1838,0.017,34,23,100
1165,18,16.9,0,2.4,64,570,0.05,73,57,171
1167,1,9.5,0,0.5,52,800,,,,26
1168,19,18.5,0,4.5,27,2000,0.061,48,20,191
1169,17,9.5,1,1.4,68,2000,0.052,40,37,134
1170,11,14.5,0,2.2,61,772,0.016,43,41,71
1175,3,14.2,0,2,83,248,0.06,102,57,15
1176,17,20.8,0,5.1,22,1996,0.077,42,22,292
1179,20,16.9,0,2.4,55,848,0.049,81,50,142
1180,2,14.6,0,1.4,37,1997,0.004,48,36,24
1181,8,13.2,0,0.5,52,2000,0.023,35,16,189
1182,21,16.6,0,1.7,64,2000,0.031,30,17,192
1183,4,10.2,0,4.2,14,2000,0.046,57,15,9
1189,22,17.7,0,2.4,45,2000,0.032,39,21,190
1190,15,26.8,0,2.6,30,990,0.067,86,46,132
1192,10,21.8,0,1,34,1092,0.016,68,39,92
1193,0,20.3,0,2.3,55,1731,0.017,58,31,94
1194,1,17.7,0,1.1,53,2000,,,,98
1195,11,16.8,0,3.2,61,1129,0.046,47,25,94
1196,20,16.5,0,,31,2000,0.058,39,18,181
1197,20,15,0,2.7,81,979,0.04,37,21,109
1198,10,20,0,1,32,1777,0.015,58,31,95
1199,2,13.7,0,0.7,71,1988,0.018,34,21,38
1200,8,3.2,0,0.4,83,728,0.004,30,,21
1201,12,18,0,3.1,16,2000,0.042,24,17,98
1202,12,19.7,0,2.4,41,732,0.022,75,38,121
1203,21,13.9,0,2.8,66,1064,0.04,70,31,127
1204,10,21.1,0,1.1,66,535,0.057,64,41,95
1205,2,14.3,0,0.4,70,1014,0.038,58,39,42
1206,13,23,0,3.4,36,2000,0.044,49,26,97
1208,14,19.1,0,1.7,44,1155,0.036,34,,112
1209,22,8.6,0,1.7,52,994,0.049,72,64,60
1210,10,22.3,0,1.4,54,990,0.016,35,23,90
1211,3,10.6,0,1.9,82,1638,0.024,33,27,18
1212,20,22.7,0,4.7,34,1444,0.086,74,37,226
1214,1,17.8,1,1,91,323,,,,41
1216,22,17.2,0,2.6,55,1851,0.047,52,33,139
1217,15,12.3,1,2.5,89,1631,0.04,30,18,23
1218,8,16.6,0,3.1,46,1341,0.005,64,44,169
1219,5,13.4,0,0.3,86,218,0.054,107,60,10
1220,0,7.5,0,1.2,56,962,0.031,75,64,36
1221,18,19.5,0,3.7,23,1245,0.069,77,63,216
1222,18,27.7,0,2.8,35,1712,0.08,59,36,425
1224,16,27.8,0,1.5,22,1644,0.083,71,35,219
1225,16,26.1,0,3.4,27,2000,0.057,30,20,274
1226,7,7.6,0,0.2,76,1677,0.01,49,22,77
1228,6,17.4,0,1.1,69,1698,0.009,35,23,31
1229,13,25.6,0,3.8,32,1965,0.06,32,19,167
1230,3,12.2,0,0.5,48,1961,0.049,81,25,15
1231,6,10.4,0,3.6,12,2000,0.048,35,9,23
1232,1,19.3,0,1.9,78,715,,,,39
1233,5,10.9,0,2.5,44,1757,0.03,91,24,19
1234,2,18.3,0,0.9,64,1978,0.014,31,22,42
1235,20,10.8,1,3,94,152,0.03,34,33,1
1239,3,14.3,0,1.4,38,2000,0.004,50,35,19
1240,9,19.3,0,1.8,72,795,0.017,26,17,135
1242,3,17.6,0,1.3,69,2000,0.003,32,22,34
1243,10,17.8,0,2.1,47,764,0.054,166,41,71
1244,0,12.2,0,2.5,23,2000,0.036,66,19,46
1245,23,10,0,2.1,86,486,0.01,41,,73
1246,0,18.5,0,0.6,45,1345,0.055,62,36,121
1247,6,14.4,0,1.5,52,2000,0.018,30,21,19
1249,8,11.9,0,2.4,71,1339,0.038,86,20,34
1252,0,11,0,0.9,72,920,0.015,83,38,64
1254,8,11.9,0,2.2,71,1632,0.025,48,19,41
1256,20,14.5,0,2.9,54,1707,0.029,79,25,150
1258,17,19.1,0,4.3,31,1746,0.047,59,26,129
1259,6,12.6,0,0.4,78,1192,0.004,32,20,28
1260,0,15.6,0,2.3,62,1433,0.023,56,36,93
1263,21,12.7,0,3.5,37,2000,0.033,62,19,152
1264,17,18,0,7.1,38,1355,0.051,152,21,106
1266,18,14.2,0,3.6,33,1082,0.066,64,51,113
1267,5,13.7,0,1,48,2000,0.049,30,18,11
1268,8,11.6,0,2,37,1143,0.01,64,51,35
1269,17,25,0,4.9,37,1368,0.07,63,33,229
1270,3,10.9,0,1.4,74,730,0.029,71,33,29
1271,13,19.1,0,5.2,18,1450,0.044,165,17,87
1272,18,18.9,0,4.4,22,2000,0.046,41,18,318
1274,18,17.4,0,4.8,44,1342,0.065,74,36,215
1275,12,25.5,0,1.5,31,2000,0.022,31,18,112
1276,9,19.9,0,0.9,72,522,0.053,61,37,137
1279,21,17.9,1,0.2,91,553,0.021,33,27,86
1281,14,26.4,0,2.1,28,1731,0.045,59,34,149
1282,23,22.2,0,2.5,69,1629,0.014,32,25,138
1283,4,13.4,0,0,74,746,0.025,64,43,13
1286,6,11.6,0,2,73,636,0.03,67,40,36
1287,9,15.1,0,1.2,68,1269,0.022,35,17,115
1289,17,25.7,0,5.6,41,1949,0.065,44,26,309
1290,3,12.9,0,2.4,66,2000,0.036,39,17,14
1291,14,19.2,0,4,16,1935,0.048,24,13,149
1292,3,18.6,0,1.3,79,748,0.062,47,30,30
1293,2,14.1,0,0.3,75,990,0.032,47,24,31
1294,15,21.9,0,5.4,21,1907,0.062,92,19,139
1296,23,16.5,0,3.3,39,2000,0.037,29,14,122
1298,6,5.6,0,1,80,1782,0.021,17,,9
1300,17,26.4,0,4.2,30,1943,0.081,52,31,173
1301,22,17.6,0,2.4,36,2000,0.038,32,12,176
1302,12,25,0,3.1,31,1840,0.047,48,26,136
1303,5,9.5,0,0.7,76,840,0.034,49,25,6
1305,4,11.7,0,2.2,38,1645,0.065,70,43,15
1306,1,17.9,0,1.3,50,1812,,,,30
1307,0,19.1,0,1.4,61,2000,0.016,28,17,94
1309,12,24.5,0,3.1,34,1839,0.044,43,24,150
1312,8,19.5,0,2,64,901,0.04,53,39,241
1313,17,15.2,0,5.8,14,1956,0.044,,,138
1316,16,20.3,0,4.8,34,1328,0.057,71,29,170
1317,4,12.8,0,1.9,76,407,0.036,68,42,15
1319,16,13,0,3.7,74,1888,,34,16,29
1323,20,21.6,0,3.7,36,1729,0.055,84,33,165
1324,16,15.1,0,4.2,26,1438,0.066,59,55,222
1325,18,24.6,0,4.4,29,2000,0.059,29,15,317
1326,2,19.4,0,1.1,59,2000,0.018,29,22,45
1328,4,5.5,0,0.6,56,1146,0.038,63,53,5
1329,20,15.5,0,2.9,57,1232,0.045,74,29,146
1331,15,20.8,0,5.1,25,1937,0.073,55,22,113
1332,1,10.9,0,2.1,71,1057,,,,38
1335,19,20.2,0,3,40,928,0.058,180,40,187
1336,6,11.4,0,2.4,84,815,0.04,58,21,10
1337,16,18.7,0,4.9,36,1036,0.048,197,22,74
1338,4,16.4,0,2.8,61,1388,0.004,81,52,9
1339,22,14.7,0,2.3,68,452,0.047,78,50,118
1340,23,13.5,0,2.2,39,1924,0.038,80,20,63
1342,20,17.3,0,3.8,47,2000,0.052,47,16,155
1343,18,27.5,0,3.4,34,2000,0.05,,,402
1345,9,9.8,0,2.2,17,2000,0.019,43,10,105
1346,22,20.2,0,2.7,58,2000,0.038,35,28,214
1347,7,10.5,0,2.9,99,107,0.029,29,26,15
1348,20,25,0,3.2,50,2000,0.041,35,25,239
1349,5,9.9,0,1.1,82,412,0.023,55,49,11
1350,16,27.7,0,1.3,27,764,0.065,94,47,127
1352,15,21.3,0,2.2,44,1867,0.052,41,24,165
1353,13,23.6,0,3.4,36,1970,0.042,33,21,221
1355,22,18.5,0,2.9,48,2000,0.029,26,18,206
1357,18,18.2,0,3.8,39,2000,0.051,23,18,211
1358,6,9.5,0,0.8,73,673,0.035,65,38,15
1359,10,14.8,0,1.9,37,1688,0.018,48,25,72
1360,13,24.5,0,3.5,38,773,,,,161
1361,21,12.8,0,2.8,34,1045,0.046,77,66,149
1362,15,21.3,0,3.8,21,875,0.077,92,83,111
1364,23,13.1,0,3,84,990,0.036,39,19,87
1366,7,13.4,0,1.3,80,912,0.028,36,15,98
1367,2,12.3,0,4,85,658,0.04,52,20,35
1368,18,19.8,0,3,66,805,0.063,67,42,266
1370,13,18.7,0,3.2,35,1631,0.047,50,32,91
1371,15,18.7,0,6.4,25,1157,0.045,158,15,74
1372,11,12.3,0,4.5,13,2000,0.036,48,13,82
1374,10,11.1,0,3.9,18,1963,0.027,55,12,77
1376,8,6.3,0,1.9,76,1344,0.013,61,24,192
1378,21,19.9,0,2,33,2000,0.049,36,22,215
1382,15,12,0,1.9,76,1216,0.034,23,,63
1383,17,12.9,1,3.3,82,1076,0.047,46,32,45
1385,3,14.9,0,0.7,47,2000,0.01,40,26,30
1386,0,16.1,0,1.8,45,2000,0.016,33,22,95
1387,20,14,0,4.9,65,690,0.061,81,47,109
1388,11,15.1,0,1.6,27,989,0.018,73,62,56
1389,7,13.7,0,0.2,80,1355,0.026,31,22,23
1391,0,13.5,0,3.8,46,2000,0.042,26,20,48
1392,16,25.5,0,4.3,36,1849,0.08,48,27,143
1394,6,19.4,0,2.3,65,613,0.056,80,48,33
1396,9,17,0,1.8,60,1929,0.029,28,16,87
1397,7,14.8,0,1.3,87,397,0.055,51,34,26
1398,6,16.1,0,0.2,75,1351,0.037,27,23,34
1402,16,27.2,0,4.3,31,1281,0.088,,,246
1403,23,14,0,1.6,33,881,0.059,86,77,91
1405,8,5.4,0,1.9,78,1993,0.01,18,18,38
1406,23,16.3,0,1.8,60,1703,0.042,54,31,119
1410,7,3.1,0,0.4,83,839,0.005,34,31,14
1411,17,19.6,0,3.4,44,844,0.066,74,43,166
1412,7,9,0,1.1,79,817,0.027,50,23,90
1414,0,18.4,0,2.3,44,2000,0.037,26,21,128
1415,20,10.7,0,3.8,38,1246,0.064,72,60,87
1417,4,4.2,0,1.1,77,1258,0.024,24,,16
1419,4,11,0,0.9,84,532,0.052,60,33,22
1420,0,,,,,,,,,39
1421,10,11.2,0,1.5,58,1275,0.019,66,24,70
1422,3,15.2,0,0.7,44,2000,0.041,20,17,35
1426,12,9.9,0,2,57,1933,0.03,19,,78
1427,14,25,0,3.1,44,1989,0.053,27,17,161
1428,9,11.8,0,2,80,584,0.017,43,33,113
1429,16,14.8,0,3.8,29,2000,0.054,31,27,172
1430,16,21.8,0,2.3,38,1992,0.05,41,21,142
1431,4,13.8,0,0.2,86,230,0.057,103,58,11
1432,7,15.3,0,1.1,54,1326,0.025,117,30,24
1435,4,15.3,0,0.4,78,1196,0.035,22,18,2
1437,16,19.4,0,3.4,50,737,0.049,55,45,250
1438,21,23.8,0,3,62,1906,0.018,37,24,205
1439,17,23,0,2.2,11,2000,0.052,19,14,214
1440,10,11.5,0,2.7,75,657,0.011,37,,66
1441,14,26.6,0,4.1,31,1976,0.076,43,25,225
1443,18,16.8,0,3.6,49,1730,0.05,71,25,273
1446,19,25.9,0,3.1,41,2000,0.053,29,21,310
1447,8,17.4,0,0.8,80,758,0.014,25,20,236
1448,7,9,0,2.6,90,253,0.031,31,,70
1449,4,15.8,0,2.3,84,387,0.047,68,36,23
1450,9,18.3,0,0.7,49,1926,0.022,44,24,64
1451,17,29.8,0,3.9,12,2000,0.058,40,11,215
1453,1,15.1,0,1.6,79,338,,,,46
1454,2,19,0,2.2,78,759,0.06,50,33,20
1456,14,25.6,0,3.9,41,1598,0.061,40,27,226
1457,11,16.9,0,1.8,35,1283,0.05,61,32,113
1458,11,24.4,0,1.9,41,1362,0.035,48,27,90
1459,19,24.8,0,2.9,32,1937,0.075,52,32,244
1460,15,20,0,4.9,35,2000,0.052,68,13,311
1461,22,19.4,0,2.4,39,1757,0.029,65,29,194
1463,6,7.1,0,1,68,2000,0.029,55,13,22
1464,9,17.4,0,0.3,39,1457,0.009,53,27,72
1465,8,13.3,0,3.3,65,1814,0.015,44,10,221
1466,7,12.3,0,0.1,78,1126,0.003,34,24,101
1468,5,16.4,0,1,74,1481,0.042,25,19,17
1469,1,13.1,0,2.5,46,2000,,,,17
1470,0,12.9,0,1.3,43,1844,0.037,85,19,72
1471,5,14.3,0,1,79,1593,0.035,30,18,16
1473,22,18.6,0,1,70,834,0.038,58,37,155
1474,19,18.7,0,4.7,37,1676,0.06,65,37,202
1476,13,26.1,0,3.7,29,1890,0.067,38,21,173
1477,0,5.9,0,2,74,2000,0.042,25,25,40
1478,7,12.9,0,2.7,42,2000,0.035,19,10,103
1479,15,18.6,0,2.8,54,619,0.038,54,43,238
1480,13,25.5,0,3.7,32,1841,0.057,37,22,143
1481,11,14.7,0,3.6,76,447,0.017,84,70,86
1482,11,17.8,0,0.9,39,1628,0.006,77,40,10
1483,11,23.5,0,3,33,1801,0.03,50,32,108
1484,13,16.6,0,3.7,60,1328,0.043,36,25,12
1485,2,17.9,1,0.1,91,383,0.004,29,26,22
1486,22,18.2,0,2.2,30,1782,0.054,46,25,144
1487,21,14.7,0,1.6,31,1175,0.052,77,68,138
1488,6,15.4,0,0.7,69,857,0.041,46,32,23
1489,22,21.3,0,1.2,71,471,0.048,82,47,186
1490,22,18.8,0,3,32,2000,0.044,28,17,224
1491,15,15,0,5,29,1418,0.06,56,49,284
1492,14,21.4,0,5.7,23,1825,0.058,102,18,136
1494,11,13.7,0,3.8,36,1789,0.034,100,24,73
1495,5,6.8,0,1.1,81,1450,0.031,55,21,8
1496,10,8.7,0,0.6,61,1949,0.018,21,20,61
1497,16,23.6,0,4.4,51,1991,0.034,34,22,109
1498,21,25.6,0,2.7,11,2000,0.038,18,11,278
1499,22,15,0,2.5,56,2000,0.048,44,16,121
1500,22,20.8,0,2.1,57,2000,0.013,32,19,219
1502,2,13.6,0,2.2,70,491,0.039,69,39,21
1506,6,11.1,0,1.7,75,1105,0.035,78,20,14
1507,22,10.1,0,3.1,20,2000,0.036,58,14,112
1508,19,13.3,0,2,71,1403,0.055,48,24,107
1509,12,18.7,0,4.6,34,1812,0.045,51,22,125
1510,19,22.2,0,4.2,29,2000,0.046,38,12,241
1515,18,23.2,0,1.3,35,1954,0.061,52,34,247
1516,8,15.8,0,1.4,57,1077,0.031,47,29,202
1517,8,10.1,0,2,70,788,0.016,61,29,47
1518,18,25.6,0,3,41,1213,0.092,85,47,253
1519,12,25,0,1.8,27,2000,0.049,25,14,153
1520,8,15.6,0,2.2,53,1036,0.028,126,32,29
1521,2,11,0,0.4,42,1926,0.037,27,19,23
1522,0,9.6,0,3.2,66,1957,0.034,51,14,50
1523,15,15.9,0,4.3,15,2000,0.048,55,11,105
1524,9,9.1,0,1.3,88,224,0.015,77,67,49
1525,23,19.2,0,3,29,2000,0.045,59,26,163
1526,11,22.7,0,4.7,41,1781,0.048,38,21,85
1527,20,15.9,0,3.5,43,2000,0.045,21,17,128
1529,5,11.1,0,0.9,38,1718,0.064,63,38,9
1530,10,14.4,0,2.1,49,1581,0.025,49,25,82
1531,10,12.7,0,0.9,52,1566,0.021,53,25,64
1532,7,11.4,0,0.8,35,1100,0.022,64,55,31
1535,4,13.4,0,1.4,79,815,0.027,47,22,9
1538,3,12.8,0,2,38,802,0.016,94,82,15
1540,1,11.5,0,1.2,73,774,,,,79
1541,3,16.3,0,2.4,59,792,0.018,111,65,25
1542,17,19.6,0,5,22,2000,0.047,41,16,181
1543,13,26.2,0,2.6,38,1610,0.025,41,26,91
1544,2,17.4,0,0.5,50,1779,0.004,74,45,33
1545,4,13.5,0,0.9,52,2000,0.051,32,20,11
1546,7,18.5,0,1.2,77,629,0.055,48,32,117
1547,17,19.8,0,2.9,68,636,0.05,63,39,138
1548,19,25.1,0,4.7,55,1222,0.083,60,38,293
1549,6,15.6,0,1.1,63,1211,0.023,45,31,30
1551,0,19.7,0,3.4,76,749,0.065,48,31,100
1553,18,,,,,,,,,1
1557,23,9.5,0,2.9,37,2000,0.036,56,15,58
1558,7,7,0,1.1,75,1981,0.023,57,14,88
1560,5,12.8,0,0.3,74,1333,0.006,36,20,14
1561,6,14,0,0.7,51,2000,0.013,42,26,33
1562,14,14.1,1,3.2,50,1645,0.045,46,39,2
1564,13,21.2,0,4.2,26,1542,0.056,129,27,108
1565,5,14.9,0,1,63,633,0.077,81,47,15
1570,13,20.5,0,2.8,22,1959,0.064,51,26,214
1573,12,17.4,0,2.8,74,1167,0.035,36,25,61
1575,16,29.4,0,2.2,24,1703,0.062,43,28,130
1576,13,26,0,3.3,40,1766,0.053,38,23,173
1578,0,18.3,0,2.6,47,2000,0.033,49,32,107
1579,23,13.3,0,1.4,76,780,0.012,51,43,96
1580,6,7.9,0,0.3,75,1472,0.036,43,17,21
1581,11,9.6,0,3.3,99,269,0.024,22,,37
1582,8,6.7,0,2.1,58,801,0.004,81,67,181
1584,9,11.4,0,0.7,59,1297,0.021,45,25,119
1588,9,9.8,0,0.3,83,471,0.021,36,,86
1589,11,17.6,0,2.3,30,1064,0.032,43,20,88
1590,6,18.2,0,0.4,80,661,0.059,48,30,46
1591,18,14,0,3.7,14,1992,0.045,,,221
1592,13,26.7,0,2.8,34,1687,0.052,53,31,91
1593,9,13,0,2.6,65,582,0.012,71,36,79
1594,9,16,0,0.5,54,1192,0.012,127,33,53
1595,23,18.8,0,1.3,46,2000,0.044,40,27,153
1597,13,23.2,0,3.7,45,527,0.069,225,61,91
1598,6,13.1,0,0.7,84,236,0.041,112,66,19
1599,11,16.3,0,3.5,20,2000,0.036,31,21,76
1600,22,13.6,0,3.1,84,1038,0.033,42,21,112
1601,11,22.7,0,2.9,38,1967,0.043,26,20,111
1603,4,16.6,0,2.8,48,1070,0.013,151,39,16
1606,17,17.2,0,4,32,1567,0.037,67,27,126
1607,21,13,0,2.7,76,528,0.015,60,50,135
1608,12,14.7,0,2.3,65,399,0.017,69,59,101
1609,1,18.2,0,1.7,51,1871,,,,53
1612,6,16,0,1.3,56,1675,0.005,65,50,37
1613,3,16.5,0,0.8,59,2000,0.026,40,26,28
1614,3,11.9,0,2.1,58,1716,0.038,75,19,22
1615,9,17.1,0,3.4,76,451,0.03,65,39,74
1619,19,18.9,0,5,40,2000,0.053,49,12,214
1620,17,25.8,0,3.2,27,1997,0.054,28,16,316
1621,23,14,0,1.4,47,2000,0.046,45,23,114
1624,0,12.2,0,1.2,50,1707,0.033,58,29,62
1625,23,19.4,0,0.3,42,1368,0.07,53,31,120
1626,3,12.2,0,2.9,41,2000,0.042,34,27,17
1627,9,16.6,0,2.7,44,1134,0.029,89,50,108
1629,19,21.6,0,3.4,36,2000,0.038,33,14,315
1630,8,15.5,0,1,83,335,0.035,51,32,61
1635,3,10.5,0,2.4,73,990,0.042,46,25,26
1638,15,17.9,0,3.2,33,1890,0.05,69,23,125
1639,12,15.3,0,3.5,27,1900,0.041,67,21,129
1640,5,13.4,0,0.9,81,1009,0.033,34,16,11
1641,23,9.9,0,3.3,69,1974,0.037,45,17,70
1642,5,17.4,0,0.9,91,390,0.02,30,24,17
1645,12,17,0,4.2,24,1987,0.036,,,146
1647,14,20.4,0,3.6,12,2000,0.047,23,13,108
1649,15,18.5,0,4.1,24,849,0.064,92,83,78
1650,4,16.1,0,0.6,60,2000,0.028,39,28,27
1652,16,17.7,0,2.3,32,1949,0.037,64,22,118
1653,6,10.7,0,2.5,99,78,0.034,32,28,5
1654,22,12.8,0,2.7,69,935,0.039,69,31,123
1655,4,14.6,0,0.6,49,2000,0.014,41,27,19
1657,20,21.8,0,4.4,40,2000,0.048,35,19,188
1660,22,18.3,0,1,37,970,0.032,169,38,172
1661,1,11.5,0,2.4,82,727,,,,63
1662,7,13.2,0,0.6,85,431,0.023,50,39,17
1663,8,8.9,0,0.9,77,613,0.005,82,40,35
1664,19,27.2,0,4.1,44,2000,0.067,47,32,331
1667,6,13.2,0,1.1,48,1897,0.008,47,35,23
1668,14,21.1,0,3.5,22,1855,0.068,46,22,127
1669,12,18.9,0,2,30,1600,0.054,58,29,148
1671,14,26.3,0,4.3,31,1060,0.09,,,190
1672,13,20.1,0,5,32,1586,0.055,52,24,134
1673,4,11,1,3.4,98,137,0.04,24,24,2
1675,15,20.9,0,4.2,33,1598,0.056,65,29,143
1676,4,8,0,0.5,66,1993,0.031,84,22,11
1677,2,9.7,0,2.6,86,448,0.005,51,51,20
1678,18,21.7,0,3.4,60,1920,0.025,37,21,24
1681,10,20.9,0,2.1,35,1944,0.031,28,19,84
1682,22,11.8,0,2.5,53,2000,0.038,44,21,147
1684,19,23.7,0,4.1,29,2000,0.062,28,17,282
1685,22,12.8,0,1.3,72,2000,0.033,31,24,133
1687,18,17.8,0,6.5,36,1353,0.054,122,19,101
1688,19,22.5,0,4.1,54,2000,0.044,34,22,228
1689,1,13.8,0,1.6,78,1351,,,,36
1690,16,19.9,0,4.8,15,1948,0.051,37,14,151
1692,2,11.3,0,1.6,71,791,0.027,74,34,66
1694,23,13.2,0,4.6,22,2000,0.038,68,17,71
1695,20,23.2,0,2.5,55,692,0.059,84,48,199
1698,0,13.6,0,1.5,29,1154,0.055,76,66,47
1699,19,19.4,0,3.1,55,649,0.03,70,58,213
1700,22,17.7,0,2.5,66,577,0.07,92,51,159
1701,18,18.8,0,2.5,52,773,0.054,75,45,279
1702,13,27.1,0,2.3,48,761,0.064,75,47,86
1704,5,11.9,0,2.1,90,228,0.005,72,60,10
1705,2,19.4,0,1.8,78,634,0.051,59,34,33
1707,22,11.7,0,1.6,41,910,0.037,79,68,114
1708,16,22.8,0,1.1,37,1296,0.039,36,30,150
1711,23,13.9,0,3.3,43,2000,0.042,23,19,57
1714,18,23.1,0,2.6,31,2000,0.039,29,15,402
1715,11,18.3,0,2.7,33,2000,0.029,25,13,133
1716,13,18.3,0,4.4,46,1996,0.053,14,15,184
1717,12,21.4,0,,44,1375,0.044,61,37,116
1720,15,13.2,1,5,86,1087,0.047,22,17,14
1721,19,16,0,3.7,28,2000,0.038,43,18,190
1725,0,16.3,0,4.5,78,499,0.044,84,30,71
1726,1,16.1,0,1.5,68,1866,,,,67
1727,16,19.3,0,4.3,65,1270,0.049,50,25,122
1729,22,14.7,0,2.4,50,2000,0.05,46,24,173
1731,16,22.5,0,5.6,23,1948,0.062,92,19,151
1733,23,19.5,0,2.7,47,1753,0.04,53,35,134
1734,22,21.9,0,3.1,65,1070,0.059,64,37,216
1735,8,4.5,0,0.1,73,510,0.023,84,81,146
1736,4,14.7,0,0.4,76,1704,0.035,34,20,31
1738,18,11.2,0,3.3,90,404,0.033,33,28,206
1739,2,17.1,0,0.8,53,956,0.026,108,65,28
1740,14,27.9,0,3.8,27,1836,0.065,51,30,115
1741,19,22.3,0,1.1,36,2000,0.056,54,28,213
1742,1,18.7,0,1.1,63,2000,,,,49
1743,8,15.3,0,1.5,68,272,0.026,142,89,163
1744,1,17.3,0,1.3,39,1050,,,,84
1746,12,25.2,0,1.7,30,1665,0.028,60,36,117
1749,17,19.6,0,4,37,2000,0.054,22,20,247
1750,6,4.9,0,1.5,67,746,0.04,67,63,24
1751,23,20.4,0,2.7,73,868,0.069,55,37,124
1752,10,14,0,3.6,29,2000,0.033,38,25,76
1753,19,17.7,0,4.1,25,1301,0.07,67,58,143
1754,13,15.8,0,6.3,27,2000,0.044,,,106
1756,19,24.6,0,1.6,49,740,0.07,80,46,193
1757,1,11.2,0,1.2,78,1982,,,,37
1758,19,15.2,0,3.7,70,588,0.031,65,51,124
1760,16,19,0,3,22,1990,0.05,55,22,118
1762,1,15.6,0,0.6,46,2000,,,,70
1763,9,19.7,0,2.7,71,718,0.052,60,38,107
1767,11,20.1,0,2.6,49,1273,0.023,51,33,87
1769,4,12.6,0,1,65,2000,0.041,32,12,7
1772,14,21.4,0,2,43,1722,0.045,39,22,132
1773,5,9,0,1.9,90,260,0.027,46,,9
1775,16,22.3,0,3.6,11,2000,0.05,17,13,149
1776,14,27.2,0,4.7,26,1866,0.068,47,27,107
1777,6,10.5,0,1.1,42,1825,0.059,60,38,20
1778,4,14.9,0,0.4,46,2000,0.028,22,16,24
1779,13,18.6,0,6,43,1980,0.046,58,16,188
1780,20,22.4,0,3.5,32,2000,0.051,33,18,274
1781,12,16.9,0,1.2,29,826,0.019,83,69,96
1782,6,9,0,2.1,90,245,0.031,37,,20
1783,14,19.5,0,4.2,38,2000,0.053,18,14,224
1784,12,16.6,0,1.9,44,1579,0.034,48,21,105
1786,23,14.3,0,2.6,60,2000,0.044,44,15,102
1787,21,19.4,0,2.3,39,2000,0.035,47,15,229
1789,1,14.1,0,1.5,62,863,,,,44
1790,5,11.5,0,2.3,71,1315,0.037,75,19,12
1791,21,22,0,3.9,66,984,0.076,64,39,237
1793,21,21.2,0,3.3,52,2000,0.032,30,21,249
1795,11,23.8,0,1.8,34,2000,0.019,32,20,108
1796,13,15.7,0,3.3,37,526,0.047,105,90,75
1800,20,11.3,0,3.6,16,2000,0.041,65,15,84
1801,22,16.2,0,2.4,65,1994,0.025,29,15,171
1803,15,25.8,0,3.2,26,1986,0.059,29,19,256
1804,20,23.2,0,2.3,37,1952,0.07,53,31,213
1805,16,26.9,0,3.7,33,1997,0.053,18,14,151
1807,14,19.2,0,5.6,16,1424,0.045,153,17,106
1809,2,17.1,0,1.7,57,2000,0.02,46,29,70
1811,7,8.3,0,1.6,55,2000,0.005,32,21,82
1812,12,18.1,0,3.5,17,1996,0.046,34,17,137
1813,7,13,0,0.8,46,1870,0.007,47,33,72
1814,17,22.8,0,3.2,58,1940,0.031,33,22,85
1815,4,18,0,1.7,66,1998,0.011,30,23,11
1816,7,10.1,0,0.8,84,757,0.019,40,33,100
1817,23,7.3,0,3.3,66,2000,0.041,27,23,53
1821,16,27.7,0,2.3,39,888,0.061,63,38,142
1823,12,19.5,0,2.1,32,2000,0.036,23,12,135
1824,6,13.4,0,1.6,80,1088,0.031,33,20,35
1825,18,20.7,0,3.1,56,1804,0.05,47,26,297
1828,17,23.5,0,4.1,17,2000,0.066,39,21,300
1829,16,23,0,2.9,26,2000,,22,8,182
1830,11,16.7,0,3.9,39,1563,0.031,45,25,95
1831,2,16.4,0,1.4,79,505,0.042,59,37,56
1832,5,15.7,0,2.4,56,1179,0.019,141,36,8
1833,19,24.4,0,3.6,39,696,0.1,93,53,247
1834,14,22.1,0,6,22,1732,0.053,66,33,243
1836,3,8.6,0,2,68,1891,0.026,85,15,19
1837,2,5.1,0,1.3,77,2000,0.018,16,,29
1838,23,14.1,0,3.1,68,475,0.032,86,52,88
1839,17,29.1,0,2.3,24,1900,0.07,42,27,213
1840,1,12.4,0,3.5,84,911,,,,57
1844,15,27.4,0,3.7,28,1237,0.091,,,318
1845,21,22.8,0,3.3,62,1319,0.067,58,38,267
1847,0,16.8,0,0.6,62,2000,0.029,35,19,94
1848,17,15.5,0,3.8,26,1372,0.068,50,42,199
1852,18,21.1,0,3.3,42,832,0.064,192,,236
1853,12,10.2,0,2.8,91,634,0.019,26,25,60
1854,7,11.2,0,1.8,52,1655,0.037,95,30,90
1855,2,14,0,,52,2000,0.044,37,20,20
1856,8,10.7,0,1.3,82,731,0.012,46,36,180
1859,23,11.4,1,1.8,98,128,0.024,21,,1
1862,9,8.7,0,1.7,63,1483,0.012,67,34,92
1863,12,23.5,0,3.4,48,1663,0.026,33,22,151
1865,2,16,0,2.8,55,864,0.083,87,50,34
1866,9,15.6,0,0.8,58,963,0.01,51,30,140
1867,15,23.5,0,2.9,53,650,0.052,75,38,115
1868,14,18.9,0,5,34,1602,0.06,60,35,112
1870,4,11.7,0,2.4,40,2000,0.042,33,25,5
1873,15,23.3,0,2.7,37,963,0.069,79,47,269
1874,5,11.2,0,2.7,38,2000,0.043,31,27,8
1876,12,19.5,0,1.5,53,1684,0.03,40,17,124
1877,9,6.4,0,0.6,62,453,0.02,90,79,87
1880,2,11,0,2.8,42,2000,0.037,32,18,33
1881,9,20.8,0,2.2,58,1095,0.039,53,30,132
1882,2,12.1,1,3.3,98,328,0.034,9,8,8
1883,9,11.2,0,1.8,44,1901,0.022,30,18,121
1884,12,22.8,0,2.5,37,1961,0.036,32,17,165
1886,6,3.3,0,1.2,83,1219,0.016,33,30,7
1887,10,21.7,0,0.9,47,1849,0.023,49,30,97
1891,9,18.5,0,3.8,58,975,0.037,35,27,133
1892,3,15.4,0,1.6,77,1104,0.036,23,18,14
1893,11,19.9,0,1.1,51,750,0.027,69,43,106
1894,0,12.5,0,1.4,32,2000,0.038,27,19,63
1895,0,20.7,0,1.4,61,2000,0.018,28,23,86
1899,21,19.1,0,2.5,66,1035,0.05,54,33,175
1901,3,9.7,0,0.2,76,841,0.005,79,40,28
1902,10,13.5,0,3.5,71,838,0.022,48,35,82
1903,6,10.9,0,3.6,39,2000,0.045,31,25,25
1904,18,15.1,0,2,76,1992,0.053,24,19,186
1906,17,23.5,0,4.9,24,2000,0.051,37,11,188
1907,6,16.1,0,2.1,73,694,0.029,41,28,37
1910,19,18.3,0,5.2,24,2000,0.067,36,21,226
1911,2,14.2,0,4.9,33,660,0.041,252,31,26
1912,17,11.4,0,2.3,79,1138,0.034,32,,74
1914,13,20.8,0,2.2,70,570,0.045,68,40,83
1915,5,18.2,0,0.6,80,715,0.058,43,29,14
1916,7,16,0,0.6,75,1159,0.032,27,18,117
1917,10,14.2,0,1.8,51,990,0.042,58,30,101
1919,5,13.5,0,1,46,1882,0.005,54,40,12
1920,4,11.5,0,2.4,64,1470,0.038,77,21,29
1921,21,20.4,0,0.1,39,2000,0.042,60,32,170
1924,14,13.8,1,4.8,74,1955,0.044,33,23,1
1928,1,10.6,0,0.2,71,844,,,,67
1929,13,17.9,0,3.4,67,1467,0.038,42,28,70
1931,3,13.7,0,2,80,1034,0.026,35,18,12
1932,4,10.1,0,0,44,2000,0.036,26,20,9
1933,10,14.7,0,1.8,66,668,0.046,69,38,66
1934,1,14.1,0,1.3,69,1970,,,,56
1936,11,16.8,0,4.2,16,1228,0.031,197,22,67
1937,21,20.8,0,3.1,35,2000,0.053,38,26,198
1938,7,9.1,0,1.8,87,266,0.011,61,51,21
1940,17,20.6,0,3.2,56,1539,0.049,52,26,183
1941,1,16.6,0,2.1,35,2000,,,,62
1944,7,17.9,0,1.6,67,1420,0.029,53,29,26
1945,5,11.7,0,2.5,85,776,0.044,58,19,11
1946,15,22.2,0,3.4,27,2000,0.05,22,10,152
1947,14,24,0,2.6,51,1946,0.042,34,26,92
1950,9,15,1,1.4,94,361,0.018,47,27,111
1952,5,9.9,0,1.4,68,840,0.036,62,35,10
1954,16,26.3,0,3.9,31,1821,0.069,55,31,188
1955,21,17,0,2.4,27,2000,0.045,44,17,127
1956,10,18.2,0,1,52,1126,0.01,51,28,96
1957,19,25.9,0,7,25,1246,0.098,73,42,280
1958,14,21.6,0,4.5,27,2000,0.049,20,10,150
1960,2,8.8,0,2.3,68,1910,0.031,84,14,23
1961,7,10.1,0,0.9,29,1078,0.038,223,22,13
1962,13,24.7,0,2.4,30,1461,0.063,77,39,199
1964,20,15,0,4.4,35,2000,0.052,49,18,170
1965,21,19.2,0,4.1,23,2000,0.051,38,20,166
1966,2,17.6,0,2.3,34,2000,0.055,46,20,43
1968,18,25.2,0,4.9,25,2000,0.064,,,332
1969,4,9.4,0,1.4,82,528,0.013,80,39,9
1970,9,17,0,0.4,59,318,0.021,143,86,91
1971,3,9.4,0,0.9,87,387,0.006,45,,8
1972,23,17.7,0,1.1,92,418,0.009,34,27,42
1974,0,18.8,0,2.9,31,2000,0.061,53,22,69
1977,21,10.8,0,3.3,77,1377,0.029,47,29,144
1978,15,23.9,0,3.4,40,1259,0.067,66,43,302
1979,4,9.2,0,1.8,88,312,0.018,47,46,10
1980,4,12.9,0,2.4,44,2000,0.039,17,10,19
1981,11,12.5,0,3.6,42,1104,0.006,79,62,23
1982,11,13.3,0,1.6,40,1569,0.018,74,32,84
1983,3,15.8,0,3.1,60,722,0.082,83,52,31
1984,15,18.1,0,1.8,31,1865,0.029,67,24,98
1985,7,19.5,0,3.3,67,620,0.06,73,47,90
1986,0,9.9,0,1.4,86,620,0.01,40,,47
1987,11,15.6,0,2.7,49,1345,0.016,85,38,99
1988,3,10.3,0,2.4,20,2000,0.043,64,19,16
1989,11,18.3,0,0.8,58,941,0.018,56,24,88
1991,7,10.1,0,1.1,42,1913,0.05,59,36,82
1992,11,11.7,0,2,47,513,0.031,95,86,55
1994,1,15.1,0,1.3,35,2000,,,,40
1995,6,15.4,0,1.7,57,1234,0.031,119,27,11
1996,0,14,0,2.2,61,2000,0.036,44,17,63
1998,22,20.9,0,4.3,70,839,0.073,61,38,139
2000,12,12.3,0,2,41,1332,0.025,43,39,149
2002,12,20.7,0,2.7,70,625,0.053,68,39,93
2003,16,21.4,0,3.8,21,1022,0.076,74,67,110
2005,1,17.7,0,1,43,1338,,,,69
2006,10,15.5,0,1.9,53,632,0.017,82,42,106
2007,19,21.7,0,2.2,12,2000,0.052,17,10,214
2008,12,17.1,0,5.6,52,2000,0.043,39,32,139
2009,0,15.8,0,3,76,389,0.065,93,55,90
2011,22,20.3,0,0.9,49,730,0.072,104,59,226
2012,10,15.7,0,2.7,61,1203,0.035,42,26,79
2014,21,9.2,0,2.3,48,1931,0.037,46,37,57
2015,8,9.1,0,2.2,53,1939,0.013,34,15,200
2016,19,16.2,0,3.5,31,950,0.06,,,167
2018,16,19.8,0,4.2,48,892,0.071,63,37,140
2019,11,17.5,0,3.1,56,1237,0.043,106,19,91
2020,23,10.9,0,1.6,45,908,0.036,80,73,62
2022,20,16.1,0,4.3,24,2000,0.045,47,15,169
2024,15,26.3,0,3.4,36,2000,0.057,24,17,123
2025,17,18.2,0,4.6,28,925,0.07,72,59,132
2027,8,10.1,0,1.6,54,1967,0.031,81,22,159
2028,17,25.7,0,3.5,35,1951,0.069,51,27,200
2029,21,18.8,0,0.6,14,2000,0.028,21,13,194
2030,7,16.1,0,1.3,64,1522,0.025,38,26,26
2031,18,19.7,0,5.7,35,2000,0.052,54,17,280
2032,8,9.3,0,0.2,67,661,0.033,70,38,43
2033,14,22.9,0,1.8,54,666,0.047,98,34,116
2034,9,13.4,0,3.2,29,2000,0.033,42,23,115
2035,23,18,0,1.7,34,2000,0.043,27,18,186
2036,11,17.2,0,0.2,52,1114,0.01,124,31,65
2038,0,10.5,0,3.4,59,1990,0.044,46,23,58
2040,22,19.6,0,2.8,42,2000,0.056,41,26,245
2042,3,17.8,0,0.8,91,330,0.005,31,23,29
2043,3,17.1,0,1.4,50,1718,0.004,72,44,24
2044,17,28,0,3.4,37,1114,0.068,61,42,187
2045,0,19.2,0,1.6,62,1976,0.033,35,29,75
2047,1,12.6,0,2.4,48,1805,,,,43
2048,19,23.3,0,3.5,40,1942,0.041,55,29,227
2049,17,19.9,0,4.5,34,1822,0.059,53,33,154
2051,21,17.3,0,3.2,63,2000,0.027,36,17,230
2052,15,27.4,0,3.8,23,1957,0.067,47,22,104
2053,4,18.5,0,1.2,80,724,0.061,43,27,13
2054,11,20.6,0,3.5,63,1420,0.05,37,24,103
2055,14,19.1,0,2.2,67,1181,0.042,36,25,82
2056,23,13.1,0,2.1,31,2000,0.036,31,13,98
2057,19,16.6,0,5,25,2000,0.048,54,18,199
2058,22,10.4,0,3,70,2000,0.037,48,19,110
2059,0,11.1,0,1.4,39,1931,0.015,102,24,62
2061,11,12,0,2.1,76,342,0.017,66,60,87
2062,8,16.1,0,1,55,945,0.024,54,35,54
2063,2,15.8,0,1.4,39,2000,0.029,21,16,51
2064,10,17.3,0,1,41,1757,0.007,70,40,13
2065,4,17,0,1.7,72,1983,0.007,34,23,15
2066,11,10.1,0,1.5,59,990,0.015,39,,78
2068,15,23.3,0,3.6,45,680,0.074,220,51,108
2070,14,16.5,0,3.8,20,2000,0.037,52,25,113
2071,3,18.8,0,0.5,54,2000,0.019,29,22,34
2073,15,19.6,0,4.1,53,1995,0.041,39,13,125
2075,8,10.6,0,0.7,22,974,0.026,214,21,34
2076,2,10.3,0,0.3,76,798,0.004,83,38,32
2077,5,7.4,0,1.8,57,813,0.004,78,71,12
2078,10,15.8,0,5,55,1903,0.042,48,15,84
2080,8,16.3,0,1.9,49,2000,0.027,28,19,37
2081,3,11.3,0,1.3,82,602,0.049,62,33,25
2082,0,20.6,0,2,71,827,0.047,60,35,80
2084,17,22.2,0,5.7,18,1948,0.06,88,21,158
2086,1,11.5,0,3.2,23,2000,,,,42
2088,12,24,0,1.5,34,838,0.037,96,47,94
2089,11,23.3,0,1.2,53,1650,0.021,29,16,119
2090,18,27.5,0,3.8,47,1507,0.083,64,40,398
2091,9,11.9,0,0.8,45,965,0.005,69,58,59
2092,13,15.5,0,1.3,33,1716,0.018,82,28,80
2095,4,10.7,0,2.2,45,1783,0.027,102,25,13
2096,20,14,0,2.9,35,910,0.061,,,117
2098,21,14.2,0,3.4,83,952,0.033,44,23,120
2099,6,15.1,0,0.3,88,415,0.05,60,34,14
2100,20,14.2,0,3.6,33,2000,0.035,42,20,138
2101,19,12.7,0,3.5,34,1250,0.065,75,62,87
2102,12,16,0,2.3,39,1834,0.034,39,23,121
2105,17,27.6,0,3.5,39,1963,0.052,27,17,222
2106,22,12.3,0,3.3,57,1580,0.05,53,22,118
2109,12,25.6,0,1.8,29,869,0.032,73,33,129
2111,15,13.2,0,4.6,34,1954,0.051,22,21,104
2112,11,14.5,0,2.7,41,1995,0.031,29,17,78
2113,13,11.7,0,4.4,51,2000,0.037,22,22,103
2114,22,18.1,0,4.6,73,1796,0.039,27,,143
2116,10,21.1,0,1.4,40,1855,0.03,45,27,81
2118,7,9.6,0,0.9,73,827,0.021,59,30,16
2119,17,16.3,1,5.9,88,492,0.059,38,22,92
2120,5,15.8,0,0.9,68,851,0.048,52,33,19
2121,8,8.6,0,2,89,223,0.01,74,64,34
2122,9,18.8,0,0.5,49,1132,0.027,39,23,75
2123,23,17.5,0,3.1,78,1323,0.043,26,22,102
2124,0,19.9,0,0.8,73,314,0.041,97,56,90
2126,3,12.1,0,3.2,85,679,0.043,54,21,17
2128,6,8.5,0,1.5,55,2000,0.036,31,18,29
2129,3,12.1,0,3,40,1436,0.066,71,44,13
2130,5,15.7,0,1.2,63,688,0.026,118,74,7
2131,20,19.6,0,1.7,66,1142,0.053,54,33,171
2132,0,18.8,0,2.5,51,1638,0.051,51,35,106
2136,2,17.7,0,2.1,54,1609,0.055,48,31,53
2137,19,12.4,0,4.5,15,2000,0.044,63,15,136
2138,18,28.1,0,4.4,25,862,0.125,94,53,300
2139,21,12.5,0,4,73,1264,0.051,57,27,91
2140,22,14.1,0,3,37,1722,0.057,57,31,144
2142,17,29.2,0,3.9,25,769,0.112,69,38,324
2144,3,17.4,0,1,52,2000,0.029,38,27,31
2150,7,12.4,0,2.3,67,2000,0.023,43,15,104
2151,5,19,0,1.7,65,517,0.035,94,55,14
2152,20,14,0,4.3,44,2000,0.043,48,19,150
2153,15,27.4,0,1.7,23,1661,0.076,75,33,218
2154,18,20.3,0,4.7,25,1994,0.053,43,20,242
2155,0,12.3,0,3.7,35,2000,0.037,34,17,66
2156,15,20.2,0,3.8,75,547,0.039,65,43,105
2157,14,28.4,0,1.9,20,1346,0.082,78,38,179
2158,23,18.2,0,1.3,70,738,0.036,58,34,141
2159,21,14.8,0,3.7,44,2000,0.042,23,16,120
2160,21,21.5,0,2.9,44,1970,0.063,52,33,239
2161,2,11.4,1,0.9,89,289,0.017,67,57,5
2162,23,14.5,0,1.8,68,1794,0.034,43,20,119
2163,20,21.5,0,1,33,2000,0.049,60,32,201
2164,2,9.2,0,0.4,62,1882,0.04,49,18,24
2167,15,26.3,0,4.3,39,1925,0.062,37,23,272
2168,19,10.6,0,0.8,84,1091,0.033,23,22,114
2169,4,10.2,0,1.3,63,1378,0.033,58,29,11
2170,15,23.1,0,4.3,23,1798,0.064,54,29,266
2171,3,18.1,0,0.8,77,272,0.008,112,69,26
2172,4,8.7,0,1,66,1802,0.044,46,18,8
2173,18,24.8,0,3.6,33,1262,0.084,113,49,303
2174,4,16.8,0,1.6,53,2000,0.031,37,27,21
2175,3,10.8,0,3.8,45,2000,0.039,34,19,20
2176,5,18.3,0,1.9,54,2000,0.009,30,21,22
2178,21,20.7,0,3.7,37,1395,0.082,71,36,216
2179,17,21.1,0,3.1,47,1973,0.046,38,17,170
