날짜,요일,공휴일,날씨,유료합계,어른,청소년,어린이,외국인,단체,무료합계,총계
2016-01-01,금,1,구름 조금,"3,359","2,799",141,419,47,0,"1,023","4,382"
2016-01-02,토,1,구름 많음,"5,173","4,370",203,600,100,111,"2,092","7,265"
2016-01-03,일,1,구름 많음,"3,008","2,571",128,309,91,0,"1,549","4,557"
2016-01-04,월,0,구름 많음,890,602,53,235,51,223,800,"1,690"
2016-01-05,화,0,구름 많음,416,319,35,62,43,47,840,"1,256"
2016-01-06,수,0,구름 조금,367,277,41,49,34,0,807,"1,174"
2016-01-07,목,0,맑음,309,250,23,36,13,0,735,"1,044"
2016-01-08,금,0,구름 조금,315,251,28,36,30,0,611,926
2016-01-09,토,1,구름 많음,"1,418","1,227",78,113,47,80,"1,222","2,640"
2016-01-10,일,1,구름 많음,"2,211","1,839",96,276,34,61,"1,393","3,604"
2016-01-11,월,0,구름 조금,368,268,40,60,23,0,628,996
2016-01-12,화,0,구름 조금,862,531,27,304,12,614,780,"1,642"
2016-01-13,수,0,구름 많음,240,192,21,27,24,0,767,"1,007"
2016-01-14,목,0,구름 조금,252,200,37,15,13,5,620,872
2016-01-15,금,0,구름 조금,339,253,35,51,14,0,708,"1,047"
2016-01-16,토,1,구름 많음,"1,720","1,395",97,228,23,167,"1,277","2,997"
2016-01-17,일,1,흐림,"2,313","1,954",94,265,9,30,"1,135","3,448"
2016-01-18,월,0,구름 많음,216,162,29,25,9,0,592,808
2016-01-19,화,0,맑음,78,61,9,8,13,0,222,300
2016-01-20,수,0,맑음,82,69,7,6,17,0,340,422
2016-01-21,목,0,구름 많음,153,119,15,19,3,0,474,627
2016-01-22,금,0,구름 조금,128,81,32,15,6,0,458,586
2016-01-23,토,1,구름 조금,296,198,80,18,6,71,594,890
2016-01-24,일,1,구름 조금,128,110,9,9,23,0,196,324
2016-01-25,월,0,맑음,72,58,10,4,5,0,350,422
2016-01-26,화,0,눈,150,123,11,16,10,0,608,758
2016-01-27,수,0,구름 조금,394,287,61,46,29,0,824,"1,218"
2016-01-28,목,0,구름 많음,370,290,46,34,9,0,776,"1,146"
2016-01-29,금,0,흐림,"1,074",663,50,361,46,571,703,"1,777"
2016-01-30,토,1,구름 조금,"2,655","2,266",146,243,72,0,"1,473","4,128"
2016-01-31,일,1,구름 조금,"1,510","1,304",57,149,28,0,"1,074","2,584"
2016-02-01,월,0,맑음,"3,238",188,"3,033",17,18,"3,000",508,"3,746"
2016-02-02,화,0,맑음,"2,199",166,"2,023",10,8,"2,000",728,"2,927"
2016-02-03,수,0,구름 조금,296,264,23,9,32,0,834,"1,130"
2016-02-04,목,0,구름 조금,371,319,31,21,28,0,749,"1,120"
2016-02-05,금,0,구름 조금,304,234,41,29,14,0,536,840
2016-02-06,토,1,맑음,"1,082",924,53,105,40,0,976,"2,058"
2016-02-07,일,1,맑음,"1,452","1,251",74,127,191,0,676,"2,128"
2016-02-08,월,1,구름 많음,"2,654","2,286",123,245,429,0,567,"3,221"
2016-02-09,화,1,맑음,"5,453","4,610",223,620,209,0,"1,607","7,060"
2016-02-10,수,1,맑음,"7,080","6,037",251,792,141,0,"2,869","9,949"
2016-02-11,목,0,구름 많음,"2,077","1,545",113,419,98,671,"1,021","3,098"
2016-02-12,금,0,비,97,74,17,6,0,0,260,357
2016-02-13,토,1,흐림,"1,609","1,401",41,167,54,45,"1,133","2,742"
2016-02-14,일,1,흐림,"1,053",862,83,108,63,0,989,"2,042"
2016-02-15,월,0,맑음,250,194,27,29,39,0,446,696
2016-02-16,화,0,구름 많음,235,178,25,32,40,0,759,994
2016-02-17,수,0,맑음,579,440,93,46,21,0,850,"1,429"
2016-02-18,목,0,구름 많음,698,529,83,86,68,0,924,"1,622"
2016-02-19,금,0,구름 많음,737,555,98,84,26,0,893,"1,630"
2016-02-20,토,1,구름 조금,"4,718","3,926",193,599,45,73,"1,908","6,626"
2016-02-21,일,1,맑음,"3,507","2,911",157,439,89,0,"1,595","5,102"
2016-02-22,월,0,흐림,693,522,74,97,8,0,705,"1,398"
2016-02-23,화,0,구름 많음,815,559,106,150,32,65,911,"1,726"
2016-02-24,수,0,맑음,542,371,82,89,19,33,791,"1,333"
2016-02-25,목,0,구름 조금,723,524,80,119,15,0,815,"1,538"
2016-02-26,금,0,구름 조금,"1,375",992,194,189,19,69,"1,144","2,519"
2016-02-27,토,1,구름 많음,"4,798","3,990",197,611,0,175,"1,721","6,519"
2016-02-28,일,1,구름 많음,"3,366","2,748",153,465,51,0,"1,604","4,970"
2016-02-29,월,0,구름 조금,674,476,92,106,27,0,559,"1,233"
2016-03-01,화,1,맑음,"2,937","2,450",198,289,31,104,"1,570","4,507"
2016-03-02,수,0,구름 조금,"1,171",878,21,272,8,605,975,"2,146"
2016-03-03,목,0,흐림,733,721,2,10,20,0,"1,050","1,783"
2016-03-04,금,0,흐림,"1,629","1,572",16,41,2,63,"1,154","2,783"
2016-03-05,토,1,흐림,568,495,12,61,10,0,837,"1,405"
2016-03-06,일,1,구름 많음,"8,797","7,669",219,909,108,0,"2,767","11,564"
2016-03-07,월,0,구름 많음,705,683,5,17,21,0,775,"1,480"
2016-03-08,화,0,,"10,480",465,"10,007",8,8,"10,000","1,041","11,521"
2016-03-09,수,0,,393,384,2,7,41,0,862,"1,255"
2016-03-10,목,0,,294,283,0,11,14,30,890,"1,184"
2016-03-11,금,0,,"1,569",975,12,582,21,"1,209",736,"2,305"
2016-03-12,토,1,흐림,"5,251","4,427",171,653,55,86,"2,209","7,460"
2016-03-13,일,1,흐림,"4,557","3,897",125,535,87,100,"1,795","6,352"
2016-03-14,월,0,구름 많음,"1,215","1,175",10,30,57,0,"1,170","2,385"
2016-03-15,화,0,맑음,"1,238","1,205",10,23,53,41,"1,303","2,541"
2016-03-16,수,0,구름 조금,"1,513","1,465",7,41,40,0,"1,184","2,697"
2016-03-17,목,0,구름 조금,"1,342","1,270",37,35,36,62,"1,187","2,529"
2016-03-18,금,0,흐림,"1,736","1,663",13,48,29,0,"1,100","2,836"
2016-03-19,토,1,구름 조금,"26,448","22,735",422,"2,990",112,178,"6,683","33,131"
2016-03-20,일,1,구름 조금,"27,093","22,947",535,"3,370",176,0,"7,267","34,360"
2016-03-21,월,0,맑음,"2,358","2,223",14,70,58,0,"1,179","3,537"
2016-03-22,화,0,구름 조금,"1,832","1,755",20,41,74,53,"1,506","3,338"
2016-03-23,수,0,구름 조금,"1,553","1,365",58,69,22,57,"1,234","2,787"
2016-03-24,목,0,맑음,"1,322","1,223",37,61,50,63,"1,116","2,438"
2016-03-25,금,0,구름 조금,"1,999","1,705",79,85,65,38,"1,292","3,291"
2016-03-26,토,1,맑음,"16,958","14,114",408,"2,094",192,62,"4,790","21,748"
2016-03-27,일,1,맑음,"23,610","20,041",487,"2,860",205,60,"6,879","30,489"
2016-03-28,월,0,맑음,"2,666","2,477",85,86,97,131,"1,470","4,136"
2016-03-29,화,0,구름 많음,"1,133","1,013",29,91,47,62,"1,115","2,248"
2016-03-30,수,0,구름 많음,"3,740","2,135","1,195",341,70,"1,834","1,117","4,857"
2016-03-31,목,0,구름 많음,"3,174","2,494",406,152,100,393,"1,584","4,758"
2016-04-01,금,0,맑음,"5,730","4,131","1,210",274,47,"1,158","1,807","7,537"
2016-04-02,토,1,구름 조금,"31,407","26,605",561,"3,643",169,201,"6,380","37,787"
2016-04-03,일,1,흐림,"8,038","6,498",347,959,141,785,"1,914","9,952"
2016-04-04,월,0,구름 조금,"4,515","4,219",52,188,59,105,"2,298","6,813"
2016-04-05,화,0,맑음,"4,652","4,278",75,116,79,343,"2,800","7,452"
2016-04-06,수,0,구름 조금,"5,973","4,467","1,202",252,50,"1,928","3,059","9,032"
2016-04-07,목,0,비,"2,863","2,638",117,69,72,379,"2,150","5,013"
2016-04-08,금,0,구름 조금,"7,731","5,984","1,187",232,94,"1,730","3,639","11,370"
2016-04-09,토,1,구름 많음,"25,027","20,664",825,"2,840",226,214,"7,852","32,879"
2016-04-10,일,1,구름 많음,"26,912","22,441",936,"3,192",446,176,"6,227","33,139"
2016-04-11,월,0,맑음,"7,948","5,223","2,145",424,97,"2,583","3,365","11,313"
2016-04-12,화,0,구름 많음,"7,146","4,595","2,101",289,89,"3,684","4,882","12,028"
2016-04-13,수,1,비,"20,915","17,011",708,"2,795",172,97,"5,490","26,405"
2016-04-14,목,0,구름 많음,"4,129","2,683",778,444,125,"1,814","2,950","7,079"
2016-04-15,금,0,맑음,"9,746","4,904","2,614","2,028",115,"6,692","4,482","14,228"
2016-04-16,토,1,구름 많음,"10,410","8,454",268,"1,331",162,549,"3,744","14,154"
2016-04-17,일,1,구름 많음,"11,445","9,618",278,"1,335",160,90,"2,760","14,205"
2016-04-18,월,0,구름 조금,"3,322","2,591",17,387,64,660,"2,540","5,862"
2016-04-19,화,0,구름 조금,"8,972","2,721","5,064","1,087",26,"6,926","3,079","12,051"
2016-04-20,수,0,,"2,562","1,890",10,567,76,"1,854","3,931","6,493"
2016-04-21,목,0,,"2,245",966,57,"1,155",19,"1,482","1,244","3,489"
2016-04-22,금,0,,"4,562","2,971",208,"1,158",23,"4,091","5,232","9,794"
2016-04-23,토,1,,"10,921","8,874",155,"1,383",220,996,"3,440","14,361"
2016-04-24,일,1,,"15,883","13,281",217,"2,019",516,748,"3,759","19,642"
2016-04-25,월,0,맑음,"16,616","2,564","10,248","3,649",75,"15,073","3,363","19,979"
2016-04-26,화,0,,"6,999","2,805","2,217","1,849",61,"5,832","4,100","11,099"
2016-04-27,수,0,구름 많음,"5,318","3,451",261,"1,233",56,"4,548","4,017","9,335"
2016-04-28,목,0,,"4,498","2,821",421,"1,119",67,"5,376","6,653","11,151"
2016-04-29,금,0,,"10,245","4,320","3,724","1,321",53,"7,273","4,839","15,084"
2016-04-30,토,1,,"16,831","13,675",431,"2,050",343,"1,585","4,905","21,736"
2016-05-01,일,1,구름 조금,"25,630","21,986",570,"3,074",399,367,"5,660","31,290"
2016-05-02,월,0,구름 많음,"6,307","2,712",57,"3,538",50,"3,626","1,449","7,756"
2016-05-03,화,0,,400,76,321,3,2,315,354,754
2016-05-04,수,0,,"7,703","2,649","4,659",395,139,"5,942","3,312","11,015"
2016-05-05,목,1,,"40,219","38,511","1,708",0,476,35,"18,469","58,688"
2016-05-06,금,1,비,"6,211","4,764",416,"1,031",61,0,"1,951","8,162"
2016-05-07,토,1,,"20,749","16,823","1,083","2,843",303,221,"5,863","26,612"
2016-05-08,일,1,구름 조금,"15,538","13,315",571,"1,652",409,97,"4,181","19,719"
2016-05-09,월,0,구름 많음,"4,644","2,403","1,823",418,24,"2,296","2,239","6,883"
2016-05-10,화,0,,"1,456",330,781,345,3,"1,365",802,"2,258"
2016-05-11,수,0,,"3,842","2,654",813,375,61,"2,647","3,970","7,812"
2016-05-12,목,0,,"11,455","5,174","3,651","2,630",91,"11,190","5,560","17,015"
2016-05-13,금,0,,"11,619","3,870","6,565","1,184",87,"10,016","5,917","17,536"
2016-05-14,토,1,구름 조금,"27,074","23,106",743,"3,225",262,415,"6,805","33,879"
2016-05-15,일,1,구름 많음,"10,528","8,826",364,"1,338",212,231,"3,957","14,485"
2016-05-16,월,0,,"2,821","2,451",30,340,72,"1,026","2,601","5,422"
2016-05-17,화,0,맑음,"4,086","3,392",23,671,120,"2,199","4,337","8,423"
2016-05-18,수,0,,"3,373","2,629",119,625,68,"2,343","4,194","7,567"
2016-05-19,목,0,맑음,"5,075","2,497","2,063",515,30,"5,026","4,992","10,067"
2016-05-20,금,0,맑음,"17,709","2,909","13,147","1,653",103,"17,416","6,267","23,976"
2016-05-21,토,1,,"18,569","15,551",513,"2,505",312,"5,595","5,556","24,125"
2016-05-22,일,1,,"14,802","12,990",436,"1,376",390,308,"4,381","19,183"
2016-05-23,월,0,,"3,040","2,764",193,83,36,824,"2,767","5,807"
2016-05-24,화,0,,"3,466",744,"2,631",91,63,"2,984","1,377","4,843"
2016-05-25,수,0,구름 많음,"3,711","3,069",210,432,92,"2,491","4,801","8,512"
2016-05-26,목,0,구름 많음,"5,834","2,620","3,099",115,69,"5,220","5,175","11,009"
2016-05-27,금,0,,"8,394","4,919","3,098",377,145,"5,554","4,980","13,374"
2016-05-28,토,1,,"21,874","19,064",646,"2,164",388,"1,819","8,131","30,005"
2016-05-29,일,1,흐림,"23,785","20,954",776,"2,055",918,465,"6,756","30,541"
2016-05-30,월,0,,"4,065","3,846",41,178,228,389,"2,567","6,632"
2016-05-31,화,0,,"4,643","3,920",443,280,188,"1,790","4,126","8,769"
2016-06-01,수,0,,"3,946","3,592",191,163,170,"1,093","3,813","7,759"
2016-06-02,목,0,,"7,097","4,872",697,"1,528",77,"4,663","4,195","11,292"
2016-06-03,금,0,구름 조금,"9,236","4,168","4,882",186,163,"5,631","3,641","12,877"
2016-06-04,토,1,,"26,790","23,308",727,"2,755",397,389,"7,012","33,802"
2016-06-05,일,1,구름 조금,"33,504","28,943","1,079","3,482",729,190,"8,239","41,743"
2016-06-06,월,1,,"31,030","26,358","1,423","3,249",498,392,"8,241","39,271"
2016-06-07,화,0,흐림,"4,116","3,086",424,606,178,"1,378","3,217","7,333"
2016-06-08,수,0,구름 많음,"2,868","2,743",40,85,96,"1,023","3,303","6,171"
2016-06-09,목,0,구름 조금,"2,569","2,231",286,52,57,993,"2,945","5,514"
2016-06-10,금,0,,"4,809","2,451","1,705",653,161,"3,476","3,201","8,010"
2016-06-11,토,1,,"12,106","10,669",288,"1,149",285,996,"3,678","15,784"
2016-06-12,일,1,,"10,813","9,668",243,902,339,157,"3,293","14,106"
2016-06-13,월,0,,"1,967","1,808",6,153,36,522,"1,917","3,884"
2016-06-14,화,0,,"1,512","1,355",8,149,88,466,"2,135","3,647"
2016-06-15,수,0,,268,256,3,9,42,76,578,846
2016-06-16,목,0,,"2,560","2,417",21,122,66,"1,571","2,012","4,572"
2016-06-17,금,0,,"2,166","1,900",35,231,87,843,"2,313","4,479"
2016-06-18,토,1,,"10,133","8,888",169,"1,076",191,375,"3,805","13,938"
2016-06-19,일,1,,"9,586","8,472",165,949,311,32,"3,353","12,939"
2016-06-20,월,0,,"2,865","2,239",28,598,91,94,"1,526","4,391"
2016-06-21,화,0,,"1,230","1,181",16,33,105,305,"1,537","2,767"
2016-06-22,수,0,,579,508,43,28,51,104,"1,031","1,610"
2016-06-23,목,0,,"1,792","1,572",22,198,48,472,"1,872","3,664"
2016-06-24,금,0,,668,629,6,33,45,110,837,"1,505"
2016-06-25,토,1,구름 많음,"10,213","9,060",127,"1,026",141,123,"3,586","13,799"
2016-06-26,일,1,,"9,464","8,405",116,943,242,65,"3,788","13,252"
2016-06-27,월,0,,"1,713","1,603",42,68,72,90,"1,325","3,038"
2016-06-28,화,0,,"1,420","1,283",51,86,146,168,"1,198","2,618"
2016-06-29,수,0,구름 많음,"1,318","1,224",21,73,48,45,"1,120","2,438"
2016-06-30,목,0,비,"1,202","1,120",29,53,62,185,"1,155","2,357"
2016-07-01,금,0,비,"2,000","1,182",16,802,57,"1,675",712,"2,712"
2016-07-02,토,1,,"6,456","5,707",71,678,170,0,"2,670","9,126"
2016-07-03,일,1,흐림,"8,052","7,175",61,816,253,0,"2,791","10,843"
2016-07-04,월,0,비,205,179,5,21,65,0,472,677
2016-07-05,화,0,,73,27,45,1,4,35,182,255
2016-07-06,수,0,,984,807,92,85,31,0,859,"1,843"
2016-07-07,목,0,비,"1,044",851,64,129,106,103,991,"2,035"
2016-07-08,금,0,구름 조금,"1,645","1,281",286,78,98,215,"1,453","3,098"
2016-07-09,토,1,구름 조금,"3,526","3,066",166,294,187,71,"1,933","5,459"
2016-07-10,일,1,구름 많음,"3,137","2,700",155,282,140,0,"1,551","4,688"
2016-07-11,월,0,구름 많음,721,643,25,53,56,46,866,"1,587"
2016-07-12,화,0,비,"10,735",493,"10,208",34,81,"10,162",953,"11,688"
2016-07-13,수,0,구름 많음,"3,116",914,"2,134",68,53,"2,169",941,"4,057"
2016-07-14,목,0,구름 많음,"1,098",787,243,68,76,245,999,"2,097"
2016-07-15,금,0,흐림,"2,188",904,105,"1,179",70,30,924,"3,112"
2016-07-16,토,1,비,411,356,11,44,20,0,591,"1,002"
2016-07-17,일,1,흐림,"7,120","6,192",178,750,242,0,"2,398","9,518"
2016-07-18,월,0,구름 많음,"1,672","1,502",49,121,125,67,"1,181","2,853"
2016-07-19,화,0,구름 조금,"1,147",946,112,89,182,119,"1,120","2,267"
2016-07-20,수,0,구름 많음,821,674,57,90,108,0,887,"1,708"
2016-07-21,목,0,구름 많음,925,745,90,90,63,0,914,"1,839"
2016-07-22,금,0,구름 많음,677,547,78,52,78,0,723,"1,400"
2016-07-23,토,1,흐림,"2,744","2,367",130,247,211,30,"1,507","4,251"
2016-07-24,일,1,비,"3,152","2,654",152,346,251,0,"1,476","4,628"
2016-07-25,월,0,구름 많음,"1,306","1,011",99,196,83,33,726,"2,032"
2016-07-26,화,0,구름 많음,"1,023",821,82,120,17,0,837,"1,860"
2016-07-27,수,0,비,816,623,58,135,51,0,646,"1,462"
2016-07-28,목,0,구름 많음,"1,523","1,192",105,226,135,0,860,"2,383"
2016-07-29,금,0,비,"4,763","1,164","3,048",551,74,"3,689",477,"5,240"
2016-07-30,토,1,비,"4,445","3,708",206,531,259,64,"1,647","6,092"
2016-07-31,일,1,구름 많음,"3,836","3,295",164,377,378,115,"1,319","5,155"
2016-08-01,월,0,비,"3,255","2,623",180,452,374,30,"1,195","4,450"
2016-08-02,화,0,흐림,"3,117","2,495",155,467,286,129,"1,242","4,359"
2016-08-03,수,0,구름 많음,"1,919","1,566",105,248,205,0,"1,099","3,018"
2016-08-04,목,0,구름 조금,"1,148",934,77,137,98,0,535,"1,683"
2016-08-05,금,0,구름 조금,"1,219",937,113,169,57,0,547,"1,766"
2016-08-06,토,1,구름 많음,"2,027","1,632",193,202,180,106,"1,002","3,029"
2016-08-07,일,1,구름 많음,"1,690","1,411",99,180,127,0,896,"2,586"
2016-08-08,월,0,구름 많음,657,489,74,94,62,0,461,"1,118"
2016-08-09,화,0,구름 많음,637,474,57,106,122,0,551,"1,188"
2016-08-10,수,0,구름 많음,628,475,56,97,68,0,570,"1,198"
2016-08-11,목,0,구름 조금,642,471,62,109,89,0,464,"1,106"
2016-08-12,금,0,구름 조금,715,544,69,102,48,0,507,"1,222"
2016-08-13,토,1,구름 많음,"2,176","1,760",107,309,128,76,"1,001","3,177"
2016-08-14,일,1,비,"4,961","4,327",171,463,142,"1,062","1,198","6,159"
2016-08-15,월,1,구름 많음,"3,300","2,675",243,382,170,0,956,"4,256"
2016-08-16,화,0,구름 많음,910,704,64,142,68,96,518,"1,428"
2016-08-17,수,0,구름 조금,922,548,242,132,59,243,532,"1,454"
2016-08-18,목,0,구름 많음,"10,774",599,"10,023",152,91,"10,038",585,"11,359"
2016-08-19,금,0,구름 많음,"4,702","1,150","3,061",491,56,"3,810",643,"5,345"
2016-08-20,토,1,구름 많음,"4,039","3,421",133,485,168,30,"1,429","5,468"
2016-08-21,일,1,구름 많음,"3,086","2,660",94,332,72,0,"1,343","4,429"
2016-08-22,월,0,구름 많음,592,516,15,61,65,0,496,"1,088"
2016-08-23,화,0,비,534,450,13,71,36,0,612,"1,146"
2016-08-24,수,0,구름 많음,623,518,44,61,62,0,713,"1,336"
2016-08-25,목,0,구름 많음,591,536,11,44,40,42,698,"1,289"
2016-08-26,금,0,구름 많음,"1,532","1,442",10,80,109,0,"1,043","2,575"
2016-08-27,토,1,구름 조금,"15,075","13,366",242,"1,467",145,139,"3,960","19,035"
2016-08-28,일,1,구름 많음,"13,758","12,114",231,"1,413",166,0,"4,460","18,218"
2016-08-29,월,0,구름 많음,"2,472","2,321",44,107,92,0,"1,164","3,636"
2016-08-30,화,0,흐림,"2,102","1,988",39,75,55,0,"1,280","3,382"
2016-08-31,수,0,비,"20,396",44,75,"20,277",0,75,294,"20,690"
2016-09-01,목,0,비,"1,354","1,224",69,61,35,258,"1,371","2,725"
2016-09-02,금,0,구름 많음,"1,809","1,501",211,97,50,226,"1,075","2,884"
2016-09-03,토,1,흐림,"14,477","12,693",233,"1,551",153,30,"5,503","19,980"
2016-09-04,일,1,구름 많음,"15,554","13,769",223,"1,562",155,0,"4,261","19,815"
2016-09-05,월,0,구름 많음,"1,693","1,480",142,71,140,161,"1,091","2,784"
2016-09-06,화,0,구름 많음,"1,347","1,191",131,25,62,258,"1,459","2,806"
2016-09-07,수,0,구름 많음,"1,426","1,176",25,225,42,489,"1,142","2,568"
2016-09-08,목,0,비,786,669,7,110,37,185,931,"1,717"
2016-09-09,금,0,구름 많음,"7,616","1,171","6,242",203,13,"6,489","1,249","8,865"
2016-09-10,토,1,구름 많음,"11,978","10,518",260,"1,200",86,60,"4,088","16,066"
2016-09-11,일,1,구름 많음,"14,362","12,597",254,"1,511",156,95,"5,156","19,518"
2016-09-12,월,0,구름 많음,"2,104","1,672",90,342,34,92,872,"2,976"
2016-09-13,화,0,구름 많음,"3,060","2,084",729,247,109,670,"1,303","4,363"
2016-09-14,수,1,비,"9,390","8,214",214,962,407,38,"2,322","11,712"
2016-09-15,목,1,구름 조금,"14,638","12,931",400,"1,307",806,0,"3,303","17,941"
2016-09-16,금,1,구름 많음,"25,123","21,780",583,"2,760",862,30,"7,596","32,719"
2016-09-17,토,1,구름 많음,"15,467","13,452",311,"1,704",242,0,"4,453","19,920"
2016-09-18,일,1,구름 많음,"16,059","14,286",298,"1,475",253,0,"5,501","21,560"
2016-09-19,월,0,구름 많음,"2,046","1,899",35,112,24,34,"1,314","3,360"
2016-09-20,화,0,맑음,"2,211","1,760",41,410,50,867,"2,236","4,447"
2016-09-21,수,0,구름 많음,"1,679","1,566",9,104,33,400,"2,146","3,825"
2016-09-22,목,0,구름 조금,"2,098","1,696",6,396,58,781,"2,467","4,565"
2016-09-23,금,0,맑음,"2,677","2,132",160,385,62,"1,386","3,032","5,709"
2016-09-24,토,1,구름 조금,"16,891","14,652",216,"2,023",153,586,"6,656","23,547"
2016-09-25,일,1,구름 많음,"16,647","14,608",277,"1,762",69,237,"4,513","21,160"
2016-09-26,월,0,구름 많음,"2,048","1,807",25,216,35,316,"1,665","3,713"
2016-09-27,화,0,비,610,179,0,431,12,449,873,"1,483"
2016-09-28,수,0,구름 많음,"1,343","1,068",40,235,40,"1,118","2,683","4,026"
2016-09-29,목,0,구름 많음,"2,462","1,919",152,391,50,"1,844","3,124","5,586"
2016-09-30,금,0,구름 많음,"4,248","2,878",534,836,82,"3,097","3,624","7,872"
2016-10-01,토,1,구름 많음,"20,582","17,842",294,"2,446",112,64,"7,112","27,694"
2016-10-02,일,1,비,"1,057",866,36,155,18,0,800,"1,857"
2016-10-03,월,1,구름 조금,"22,425","19,036",340,"3,049",196,326,"8,334","30,759"
2016-10-04,화,0,맑음,"14,651","3,315","10,053","1,283",124,"10,747","2,574","17,225"
2016-10-05,수,0,구름 조금,"3,210","2,565",167,478,49,"1,839","1,694","4,904"
2016-10-06,목,0,구름 조금,"5,279","2,363",949,"1,967",47,"4,179","3,499","8,778"
2016-10-07,금,0,구름 많음,"4,705","2,415","1,543",747,82,"3,551","3,960","8,665"
2016-10-08,토,1,흐림,"12,426","10,773",342,"1,311",162,"1,013","4,062","16,488"
2016-10-09,일,1,맑음,"17,453","15,187",416,"1,850",174,131,"5,593","23,046"
2016-10-10,월,0,구름 조금,"2,942","2,377",121,444,120,481,"1,671","4,613"
2016-10-11,화,0,,"5,632","2,100","1,955","1,577",99,"4,820","3,762","9,394"
2016-10-12,수,0,구름 조금,"3,085","2,254",343,488,61,"1,635","2,800","5,885"
2016-10-13,목,0,구름 조금,"4,628","2,691","1,232",705,56,"3,421","4,050","8,678"
2016-10-14,금,0,맑음,"7,026","3,276","3,011",739,70,"4,956","4,857","11,883"
2016-10-15,토,1,구름 조금,"17,467","15,081",448,"1,938",154,"2,135","6,117","23,584"
2016-10-16,일,1,흐림,"6,207","5,275",186,746,119,246,"2,299","8,506"
2016-10-17,월,0,구름 많음,"3,050","2,484",67,499,116,580,"2,024","5,074"
2016-10-18,화,0,구름 조금,"4,610","2,653","1,129",828,73,"3,100","3,614","8,224"
2016-10-19,수,0,,"5,019","2,429","2,005",585,68,"3,956","3,662","8,681"
2016-10-20,목,0,,"4,826","2,668","1,516",642,37,"3,128","3,269","8,095"
2016-10-21,금,0,구름 많음,"7,154","3,167","3,299",688,42,"5,695","4,145","11,299"
2016-10-22,토,1,흐림,"21,903","18,212",762,"2,929",161,"3,984","6,398","28,301"
2016-10-23,일,1,구름 많음,"11,437","8,950",539,"1,948",181,"2,988","2,990","14,427"
2016-10-24,월,0,구름 조금,"6,374","3,075","3,004",295,75,"3,234","2,003","8,377"
2016-10-25,화,0,구름 많음,"1,818",867,868,83,23,"1,119",773,"2,591"
2016-10-26,수,0,구름 많음,"3,228","2,155",790,283,71,"2,438","3,656","6,884"
2016-10-27,목,0,구름 많음,"4,293","3,290",487,516,55,"2,209","3,008","7,301"
2016-10-28,금,0,흐림,"4,337","2,921","1,038",378,61,"2,652","2,201","6,538"
2016-10-29,토,1,구름 많음,"11,549","9,754",378,"1,417",116,786,"3,797","15,346"
2016-10-30,일,1,맑음,"13,506","11,576",386,"1,544",83,130,"4,200","17,706"
2016-10-31,월,0,흐림,"1,135","1,066",8,61,12,397,961,"2,096"
2016-11-01,화,0,맑음,873,792,22,59,46,222,"1,432","2,305"
2016-11-02,수,0,구름 조금,"5,957","1,081",7,"4,869",32,"5,430","1,563","7,520"
2016-11-03,목,0,구름 조금,"1,647","1,496",24,127,79,453,"1,607","3,254"
2016-11-04,금,0,구름 많음,"2,856","1,699",813,344,63,"1,447","1,978","4,834"
2016-11-05,토,1,구름 많음,"10,504","9,125",281,"1,098",154,669,"3,876","14,380"
2016-11-06,일,1,구름 많음,"14,490","12,529",353,"1,608",117,118,"5,039","19,529"
2016-11-07,월,0,흐림,"4,459","4,341",11,107,42,"3,140","1,276","5,735"
2016-11-08,화,0,맑음,"1,070",787,260,23,33,325,"1,500","2,570"
2016-11-09,수,0,맑음,"1,263",937,36,290,21,741,"1,367","2,630"
2016-11-10,목,0,흐림,620,567,35,18,28,134,"1,308","1,928"
2016-11-11,금,0,구름 조금,"2,184","1,414",690,80,118,876,"1,478","3,662"
2016-11-12,토,1,흐림,"10,483","9,149",228,"1,106",85,"1,271","3,442","13,925"
2016-11-13,일,1,구름 많음,"10,405","8,971",361,"1,073",164,583,"3,002","13,407"
2016-11-14,월,0,비,924,487,411,26,15,411,895,"1,819"
2016-11-15,화,0,맑음,919,836,17,66,24,243,"1,286","2,205"
2016-11-16,수,0,구름 조금,880,803,46,31,39,108,"1,139","2,019"
2016-11-17,목,0,,"2,051","1,572",215,264,43,77,"1,429","3,480"
2016-11-18,금,0,,"1,336",989,82,265,12,315,"1,020","2,356"
2016-11-19,토,1,,"7,068","6,203",139,726,116,179,"2,868","9,936"
2016-11-20,일,1,,"21,101","9,684","10,262","1,155",86,"10,030","3,287","24,388"
2016-11-21,월,0,구름 많음,"1,092","1,012",33,47,22,30,"1,139","2,231"
2016-11-22,화,0,구름 조금,420,387,19,14,4,30,"1,013","1,433"
2016-11-23,수,0,구름 조금,265,253,8,4,16,0,756,"1,021"
2016-11-24,목,0,맑음,176,161,14,1,11,0,705,881
2016-11-25,금,0,구름 조금,985,362,606,17,20,606,832,"1,817"
2016-11-26,토,1,눈/비,"1,052",896,46,110,29,191,"1,273","2,325"
2016-11-27,일,1,구름 조금,"2,296","1,917",88,291,53,78,"1,519","3,815"
2016-11-28,월,0,맑음,451,382,43,26,12,0,729,"1,180"
2016-11-29,화,0,맑음,383,348,25,10,30,0,854,"1,237"
2016-11-30,수,0,흐림,302,245,48,9,17,31,676,978
2016-12-01,목,0,맑음,654,476,57,121,18,0,829,"1,483"
2016-12-02,금,0,맑음,405,368,22,15,41,0,819,"1,224"
2016-12-03,토,1,구름 조금,"3,750","3,330",88,332,58,33,"1,955","5,705"
2016-12-04,일,1,흐림,"2,748","2,376",94,278,39,0,"1,612","4,360"
2016-12-05,월,0,구름 많음,283,235,35,13,12,0,669,952
2016-12-06,화,0,맑음,249,172,64,13,26,30,748,997
2016-12-07,수,0,구름 조금,477,230,240,7,2,224,837,"1,314"
2016-12-08,목,0,흐림,269,219,39,11,18,0,821,"1,090"
2016-12-09,금,0,맑음,464,230,227,7,10,188,781,"1,245"
2016-12-10,토,1,맑음,"1,323","1,162",57,104,50,0,"1,063","2,386"
2016-12-11,일,1,맑음,"1,877","1,605",63,209,50,0,"1,345","3,222"
2016-12-12,월,0,구름 많음,384,331,28,25,40,0,659,"1,043"
2016-12-13,화,0,,349,301,40,8,30,0,963,"1,312"
2016-12-14,수,0,,251,208,15,28,13,137,679,930
2016-12-15,목,0,,123,101,18,4,13,0,575,698
2016-12-16,금,0,구름 조금,155,129,14,12,9,0,410,565
2016-12-17,토,1,구름 많음,"1,301","1,087",74,140,24,80,"1,102","2,403"
2017-03-28,화,0,구름 많음,0,0,0,0,0,0,2,2
2017-03-29,수,0,구름 조금,0,0,0,0,0,0,7,7
2017-03-30,목,0,구름 조금,"1,302","1,187",13,102,96,115,"1,067","2,369"
2017-03-31,금,0,비,727,386,328,13,41,270,572,"1,299"
2017-04-01,토,1,비,"13,317","11,155",204,"1,455",100,30,"3,753","17,070"
2017-04-02,일,1,맑음,"22,166","19,107",423,"2,636",164,0,"10,291","32,457"
2017-04-03,월,0,맑음,"1,960","1,878",18,64,27,0,"1,072","3,032"
2017-04-04,화,0,구름 조금,"2,199","2,054",68,77,97,260,"1,377","3,576"
2017-04-05,수,0,비,459,344,105,10,17,190,608,"1,067"
2017-04-06,목,0,흐림,702,587,85,30,14,138,901,"1,603"
2017-04-07,금,0,구름 조금,"4,388","3,419",821,148,111,998,"1,860","6,248"
2017-04-08,토,1,구름 조금,"28,514","24,756",638,"3,120",220,137,"12,373","40,887"
2017-04-09,일,1,구름 많음,"28,496","24,523",590,"3,383",283,0,"10,863","39,359"
2017-04-10,월,0,구름 조금,"5,293","5,106",27,160,38,105,"2,296","7,589"
2017-04-11,화,0,구름 조금,"4,001","3,867",16,118,63,558,"3,034","7,035"
2017-04-12,수,0,맑음,"4,315","4,113",36,166,112,676,"3,223","7,538"
2017-04-13,목,0,구름 많음,"4,117","3,631",197,289,54,"1,115","3,610","7,727"
2017-04-14,금,0,비,"1,811","1,079",691,41,30,945,"1,247","3,058"
2017-04-15,토,1,구름 조금,"24,079","20,770",365,"2,944",225,370,"7,668","31,747"
2017-04-16,일,1,구름 많음,"27,413","23,676",383,"3,354",347,37,"9,706","37,119"
2017-04-17,월,0,비,"1,423",270,910,243,21,"1,157",623,"2,046"
2017-04-18,화,0,비,"1,167",863,6,298,35,802,"1,697","2,864"
2017-04-19,수,0,구름 조금,"14,960","3,528","10,045","1,387",91,"13,390","2,949","17,909"
2017-04-20,목,0,흐림,"1,628","1,165",8,455,59,"1,035","1,802","3,430"
2017-04-21,금,0,구름 많음,"4,057","2,802",620,635,63,"2,355","3,208","7,265"
2017-04-22,토,1,구름 조금,"22,402","19,141",292,"2,969",241,"1,361","8,396","30,798"
2017-04-23,일,1,맑음,"25,108","21,854",269,"2,985",300,333,"15,008","40,116"
2017-04-24,월,0,구름 많음,"3,603","3,019",24,560,74,759,"2,423","6,026"
2017-04-25,화,0,흐림,"2,604","1,910",223,471,74,"1,924","3,056","5,660"
2017-04-26,수,0,맑음,"3,457","2,730",61,666,16,"2,865","3,918","7,375"
2017-04-27,목,0,구름 조금,"3,364","2,636",202,526,52,"2,709","4,277","7,641"
2017-04-28,금,0,구름 조금,"5,319","3,033","1,765",521,67,"4,238","4,214","9,533"
2017-04-29,토,1,맑음,"16,398","13,782",483,"2,133",150,625,"5,083","21,481"
2017-04-30,일,1,구름 조금,"20,115","17,158",488,"2,469",410,230,"6,481","26,596"
2017-05-01,월,0,맑음,"18,113","14,566","2,177","1,370",359,"2,012","5,023","23,136"
2017-05-02,화,0,맑음,"11,328","4,233","2,547","4,548",49,"6,650","2,610","13,938"
2017-05-03,수,1,맑음,"24,428","19,887","1,086","3,455",153,354,"6,570","30,998"
2017-05-04,목,0,구름 많음,"15,879","12,233",870,"2,776",143,54,"9,406","25,285"
2017-05-05,금,1,구름 조금,"27,046","25,824","1,222",0,616,170,"19,218","46,264"
2017-05-06,토,1,맑음,"7,559","6,183",411,965,434,102,"2,356","9,915"
2017-05-07,일,1,맑음,"5,724","4,818",318,588,269,41,"1,906","7,630"
2017-05-08,월,0,구름 많음,"2,790","1,396","1,308",86,58,"1,379","1,086","3,876"
2017-05-09,화,0,흐림,"2,687","2,216",223,248,56,0,"1,310","3,997"
2017-05-10,수,0,구름 많음,"2,247","1,556",612,79,22,"1,520","2,338","4,585"
2017-05-11,목,0,구름 많음,"2,853","1,612",829,412,42,"2,595","2,961","5,814"
2017-05-12,금,0,구름 많음,"16,618","5,050","6,205","5,363",58,"16,276","2,223","18,841"
2017-05-13,토,1,비,"5,183","4,416",163,604,49,405,"2,725","7,908"
2017-05-14,일,1,맑음,"25,187","22,675",467,"2,045",288,"6,666","6,194","31,381"
2017-05-15,월,0,구름 많음,"3,954","2,135","1,639",180,42,"2,437","2,470","6,424"
2017-05-16,화,0,구름 많음,"2,622","2,016",176,430,59,"1,868","3,612","6,234"
2017-05-17,수,0,구름 조금,"2,719","2,006",82,631,47,"1,998","3,811","6,530"
2017-05-18,목,0,맑음,"3,769","2,197","1,058",514,70,"3,607","4,693","8,462"
2017-05-19,금,0,맑음,"7,041","3,016","3,227",798,77,"6,145","5,264","12,305"
2017-05-20,토,1,구름 조금,"17,221","15,055",399,"1,767",147,908,"5,751","22,972"
2017-05-21,일,1,맑음,"18,981","16,674",363,"1,944",284,307,"5,727","24,708"
2017-05-22,월,0,구름 조금,"2,569","2,440",5,124,47,527,"2,307","4,876"
2017-05-23,화,0,흐림,"2,241","1,756",206,279,44,"1,247","3,143","5,384"
2017-05-24,수,0,구름 조금,"3,514","2,620",546,348,75,"1,522","2,824","6,338"
2017-05-25,목,0,구름 많음,"3,486","3,001",167,318,78,"1,600","4,356","7,842"
2017-05-26,금,0,맑음,"6,869","4,456","1,900",513,109,"4,286","5,818","12,687"
2017-05-27,토,1,맑음,"26,602","23,575",549,"2,478",398,"1,314","7,193","33,795"
2017-05-28,일,1,맑음,"28,606","25,346",675,"2,585",519,"4,532","10,589","39,195"
2017-05-29,월,0,맑음,"4,129","3,966",40,123,232,364,"3,138","7,267"
2017-05-30,화,0,구름 많음,"4,837","4,370",344,123,68,"1,444","3,988","8,825"
2017-05-31,수,0,흐림,"3,635","3,145",418,72,199,885,"3,201","6,836"
2017-06-01,목,0,비,"4,851","3,094",171,"1,586",92,"2,456","4,339","9,190"
2017-06-02,금,0,구름 조금,"6,839","4,519","1,968",352,140,"3,149","4,076","10,915"
2017-06-03,토,1,맑음,"23,443","20,989",533,"1,921",310,472,"9,796","33,239"
2017-06-04,일,1,맑음,"25,815","22,617",699,"2,499",469,61,"10,475","36,290"
2017-06-05,월,0,구름 조금,"14,277","11,391","1,663","1,223",161,"4,173","4,315","18,592"
2017-06-06,화,1,흐림,"15,290","12,888",582,"1,820",154,295,"7,312","22,602"
2017-06-07,수,0,흐림,978,623,344,11,28,393,893,"1,871"
2017-06-08,목,0,맑음,"20,092","2,597","17,345",150,146,"18,420","3,289","23,381"
2017-06-09,금,0,구름 많음,"13,047","9,728",963,"2,356",136,"11,161","2,465","15,512"
2017-06-10,토,1,구름 많음,"16,544","14,602",378,"1,564",296,"1,493","4,957","21,501"
2017-06-11,일,1,맑음,"17,348","15,379",331,"1,638",297,152,"6,150","23,498"
2017-06-12,월,0,구름 많음,"1,869","1,675",104,90,103,264,"1,720","3,589"
2017-06-13,화,0,비,"1,404","1,347",10,47,84,678,"2,511","3,915"
2017-06-14,수,0,맑음,"1,653","1,235",320,98,64,"1,060","2,493","4,146"
2017-06-15,목,0,맑음,"4,710","3,337",25,"1,348",83,"4,242","2,281","6,991"
2017-06-16,금,0,구름 많음,"1,414","1,254",116,44,68,676,"1,893","3,307"
2017-06-17,토,1,맑음,"7,092","6,042",183,867,149,351,"3,132","10,224"
2017-06-18,일,1,구름 조금,"6,269","5,524",111,634,218,185,"2,378","8,647"
2017-06-19,월,0,구름 조금,"1,063",961,33,69,29,96,"1,100","2,163"
2017-06-20,화,0,구름 많음,939,838,19,82,59,459,"1,591","2,530"
2017-06-21,수,0,구름 조금,918,799,37,82,54,246,"1,283","2,201"
2017-06-22,목,0,구름 조금,"11,650",898,"10,705",47,85,"10,925","1,285","12,935"
2017-06-23,금,0,구름 조금,906,836,16,54,71,275,"1,216","2,122"
2017-06-24,토,1,구름 많음,"4,215","3,640",83,492,125,63,"1,987","6,202"
2017-06-25,일,1,흐림,"4,309","3,786",63,460,145,56,"1,854","6,163"
2017-06-26,월,0,비,609,572,6,31,24,0,663,"1,272"
2017-06-27,화,0,구름 많음,939,878,10,51,51,187,"1,304","2,243"
2017-06-28,수,0,구름 많음,862,807,16,39,70,132,"1,251","2,113"
2017-06-29,목,0,구름 많음,904,846,14,44,61,235,"1,216","2,120"
2017-06-30,금,0,구름 많음,"1,002",840,26,136,72,316,"1,101","2,103"
2017-07-01,토,1,흐림,"5,728","5,112",85,531,113,60,"2,080","7,808"
2017-07-02,일,1,비,725,649,12,64,63,0,718,"1,443"
2017-07-03,월,0,비,313,289,4,20,15,0,494,807
2017-07-04,화,0,구름 많음,891,559,27,305,74,362,824,"1,715"
2017-07-05,수,0,구름 많음,600,495,62,43,59,60,749,"1,349"
2017-07-06,목,0,구름 많음,611,425,167,19,58,141,640,"1,251"
2017-07-07,금,0,비,330,275,8,47,21,30,540,870
2017-07-08,토,1,흐림,955,832,25,98,77,30,745,"1,700"
2017-07-09,일,1,비,"2,218","1,903",76,239,151,0,"1,222","3,440"
2017-07-10,월,0,비,73,69,2,2,12,0,265,338
2017-07-11,화,0,비,591,473,46,72,51,91,889,"1,480"
2017-07-12,수,0,구름 조금,859,487,315,57,44,279,738,"1,597"
2017-07-13,목,0,구름 조금,536,466,27,43,57,0,640,"1,176"
2017-07-14,금,0,구름 많음,654,486,117,51,74,218,695,"1,349"
2017-07-15,토,1,비,"1,007",857,63,87,88,72,928,"1,935"
2017-07-16,일,1,흐림,"3,254","2,857",84,313,78,0,"1,335","4,589"
2017-07-17,월,0,비,567,503,21,43,11,31,621,"1,188"
2017-07-18,화,0,구름 많음,692,586,50,56,68,74,766,"1,458"
2017-07-19,수,0,구름 많음,537,465,21,51,42,0,643,"1,180"
2017-07-20,목,0,구름 많음,395,333,30,32,81,0,536,931
2017-07-21,금,0,구름 많음,595,370,191,34,62,177,481,"1,076"
2017-07-22,토,1,흐림,"1,437","1,238",53,146,154,33,"1,064","2,501"
2017-07-23,일,1,비,357,319,12,26,20,36,339,696
2017-07-24,월,0,비,304,242,33,29,57,0,392,696
2017-07-25,화,0,흐림,602,507,49,46,54,44,716,"1,318"
2017-07-26,수,0,구름 조금,701,540,83,78,100,0,566,"1,267"
2017-07-27,목,0,구름 많음,"10,159","7,696",121,"2,342",93,"9,074",730,"10,889"
2017-07-28,금,0,비,403,332,11,60,47,0,369,772
2017-07-29,토,1,흐림,"4,360","3,756",131,473,69,111,"1,474","5,834"
2017-07-30,일,1,흐림,"4,426","3,828",185,413,286,70,"1,335","5,761"
2017-07-31,월,0,비,"1,409",996,31,382,55,0,362,"1,771"
2017-08-01,화,0,구름 많음,"2,562","2,123",118,321,177,30,"1,370","3,932"
2017-08-02,수,0,비,"1,320","1,069",92,159,57,0,656,"1,976"
2017-08-03,목,0,구름 조금,"1,301","1,053",82,166,181,0,622,"1,923"
2017-08-04,금,0,구름 조금,"1,638","1,298",126,214,52,46,526,"2,164"
2017-08-05,토,1,구름 많음,"1,879","1,602",83,194,135,30,866,"2,745"
2017-08-06,일,1,비,"1,506","1,250",87,169,105,0,844,"2,350"
2017-08-07,월,0,비,725,565,56,104,62,0,511,"1,236"
2017-08-08,화,0,구름 많음,867,659,72,136,117,0,637,"1,504"
2017-08-09,수,0,구름 많음,991,721,120,150,89,0,610,"1,601"
2017-08-10,목,0,비,481,350,61,70,53,31,462,943
2017-08-11,금,0,구름 많음,"1,234",959,74,201,41,104,669,"1,903"
2017-08-12,토,1,구름 조금,"4,749","4,082",118,549,92,39,"1,647","6,396"
2017-08-13,일,1,구름 많음,"7,791","6,680",227,884,345,45,"2,580","10,371"
2017-08-14,월,0,흐림,"1,133",827,47,259,105,44,714,"1,847"
2017-08-15,화,1,비,409,329,24,56,15,0,422,831
2017-08-16,수,0,흐림,"1,304","1,039",33,232,46,0,707,"2,011"
2017-08-17,목,0,비,"1,011",814,25,172,67,0,872,"1,883"
2017-08-18,금,0,비,"1,701","1,390",39,272,86,46,"1,072","2,773"
2017-08-19,토,1,흐림,"7,960","6,850",170,940,168,69,"2,715","10,675"
2017-08-20,일,1,비,948,811,27,110,51,0,505,"1,453"
2017-08-21,월,0,비,"3,763",540,"3,111",112,52,"3,152",629,"4,392"
2017-08-22,화,0,구름 많음,"1,434","1,196",25,213,78,0,979,"2,413"
2017-08-23,수,0,비,345,289,7,49,24,0,379,724
2017-08-24,목,0,비,162,134,6,22,23,0,410,572
2017-08-25,금,0,구름 조금,"1,351","1,169",74,108,33,30,933,"2,284"
2017-08-26,토,1,구름 조금,"11,083","9,721",179,"1,183",139,75,"3,391","14,474"
2017-08-27,일,1,흐림,"12,944","11,289",231,"1,424",194,34,"3,854","16,798"
2017-08-28,월,0,비,760,697,9,54,36,0,709,"1,469"
2017-08-29,화,0,구름 많음,"2,016","1,916",14,86,60,96,"1,420","3,436"
2017-08-30,수,0,구름 많음,"1,677","1,603",28,46,16,74,"1,183","2,860"
2017-08-31,목,0,맑음,"1,872","1,722",75,75,40,198,"1,345","3,217"
2017-09-01,금,0,구름 조금,"2,139","1,794",178,167,43,137,"1,290","3,429"
2017-09-02,토,1,맑음,"17,375","15,241",238,"1,896",127,34,"5,938","23,313"
2017-09-03,일,1,구름 조금,"17,551","15,418",260,"1,873",180,60,"6,440","23,991"
2017-09-04,월,0,구름 조금,"1,740","1,641",22,77,127,35,"1,171","2,911"
2017-09-05,화,0,흐림,"1,008",884,20,104,70,189,"1,176","2,184"
2017-09-06,수,0,흐림,877,369,490,18,14,535,926,"1,803"
2017-09-07,목,0,구름 많음,"2,517","1,946",14,557,53,640,"1,936","4,453"
2017-09-08,금,0,맑음,"2,637","1,440",930,267,13,"1,521","1,539","4,176"
2017-09-09,토,1,구름 조금,"12,034","10,366",208,"1,460",126,296,"5,269","17,303"
2017-09-10,일,1,흐림,"12,394","10,648",211,"1,535",211,46,"4,135","16,529"
2017-09-11,월,0,흐림,"10,287","7,259",158,"2,870",27,"9,598",669,"10,956"
2017-09-12,화,0,맑음,"1,932","1,429",470,33,43,876,"1,868","3,800"
2017-09-13,수,0,맑음,"1,767","1,652",68,47,20,573,"2,108","3,875"
2017-09-14,목,0,맑음,"1,529","1,420",23,86,29,322,"1,480","3,009"
2017-09-15,금,0,구름 많음,"2,972","1,923",902,147,30,"1,912","2,743","5,715"
2017-09-16,토,1,구름 많음,"16,130","13,696",308,"2,126",153,426,"4,751","20,881"
2017-09-17,일,1,구름 조금,"16,453","14,355",189,"1,909",221,36,"5,246","21,699"
2017-09-18,월,0,구름 조금,"2,329","1,999",24,306,17,420,"1,867","4,196"
2017-09-19,화,0,비,756,579,3,174,32,593,"1,557","2,313"
2017-09-20,수,0,맑음,"4,111","1,564","2,133",414,19,"2,802","2,038","6,149"
2017-09-21,목,0,맑음,"1,920","1,603",19,298,44,"1,107","2,880","4,800"
2017-09-22,금,0,구름 조금,"3,324","1,815","1,175",334,53,"3,438","3,959","7,283"
2017-09-23,토,1,구름 조금,"11,369","9,117",209,"2,043",92,"4,272","6,146","17,515"
2017-09-24,일,1,구름 조금,"10,563","8,989",215,"1,359",127,725,"3,957","14,520"
2017-09-25,월,0,구름 조금,"1,430","1,223",18,189,13,162,"1,092","2,522"
2017-09-26,화,0,구름 많음,"1,513","1,029",83,401,32,992,"2,067","3,580"
2017-09-27,수,0,,"1,315",553,172,590,14,976,"1,179","2,494"
2017-09-28,목,0,,"2,089","1,332",71,686,6,"1,196","1,942","4,031"
2017-09-29,금,0,,"4,760","1,278","1,624","1,858",57,"3,501","1,778","6,538"
2017-09-30,토,1,,"9,835","8,387",316,"1,132",64,103,"2,877","12,712"
2017-10-01,일,1,,"4,305","3,543",144,618,107,0,"2,108","6,413"
2017-10-02,월,0,,"16,443","14,218",355,"1,870",186,0,"4,944","21,387"
2017-10-03,화,1,,"12,770","10,949",360,"1,461",438,0,"3,719","16,489"
2017-10-04,수,1,,"15,332","13,288",496,"1,548","1,174",0,"3,888","19,220"
2017-10-05,목,1,,"24,914","21,322",680,"2,912",701,0,"7,662","32,576"
2017-10-06,금,1,,"15,135","12,842",389,"1,904",359,0,"5,813","20,948"
2017-10-07,토,1,,"23,018","19,513",663,"2,842",359,0,"9,073","32,091"
2017-10-08,일,1,구름 많음,"21,692","18,372",553,"2,767",218,83,"7,559","29,251"
2017-10-09,월,1,구름 조금,"15,519","13,211",479,"1,829",71,359,"5,655","21,174"
2017-10-10,화,0,흐림,"1,014",806,8,200,13,203,"1,290","2,304"
2017-10-11,수,0,구름 많음,"1,299",305,573,421,19,"1,147",808,"2,107"
2017-10-12,목,0,흐림,"1,985",734,637,614,111,"1,882","1,917","3,902"
2017-10-13,금,0,맑음,"3,044","1,401","1,243",400,40,"2,619","3,359","6,403"
2017-10-14,토,1,구름 조금,"12,728","10,745",358,"1,625",129,"1,633","4,257","16,985"
2017-10-15,일,1,구름 조금,"15,009","12,955",298,"1,756",43,213,"4,648","19,657"
2017-10-16,월,0,구름 많음,"4,806","4,199",14,593,48,"3,917","1,900","6,706"
2017-10-17,화,0,구름 조금,"10,451","2,399","6,492","1,560",47,"9,928","3,581","14,032"
2017-10-18,수,0,흐림,"2,442","1,317",353,772,47,"1,556","2,565","5,007"
2017-10-19,목,0,구름 조금,"2,871","1,959",448,464,48,"1,926","3,044","5,915"
2017-10-20,금,0,맑음,"6,030","3,082","2,531",417,46,"5,156","4,345","10,375"
2017-10-21,토,1,맑음,"16,596","14,199",335,"2,062",176,"1,792","6,062","22,658"
2017-10-22,일,1,구름 많음,"20,970","17,176",663,"3,131",129,"3,709","4,103","25,073"
2017-10-23,월,0,구름 조금,"2,373","2,042",53,278,17,954,"2,172","4,545"
2017-10-24,화,0,구름 조금,"16,818","11,388","3,413","2,017",36,"15,364","2,636","19,454"
2017-10-25,수,0,맑음,"2,360","1,745",164,451,70,898,"2,265","4,625"
2017-10-26,목,0,구름 많음,"2,587","1,624",525,438,37,"1,388","2,536","5,123"
2017-10-27,금,0,맑음,"5,139","2,734","1,901",504,76,"3,594","3,292","8,431"
2017-10-28,토,1,맑음,"19,418","16,172",658,"2,588",158,"5,114","7,461","26,879"
2017-10-29,일,1,맑음,"15,050","12,844",440,"1,766",208,285,"4,464","19,514"
2017-10-30,월,0,맑음,"1,986","1,210",592,184,43,686,"1,352","3,338"
2017-10-31,화,0,구름 조금,"4,073","1,332",117,"2,624",57,"2,724","1,695","5,768"
2017-11-01,수,0,구름 많음,"1,782","1,546",100,136,61,298,"1,581","3,363"
2017-11-02,목,0,비,"1,170","1,046",85,39,68,294,"1,499","2,669"
2017-11-03,금,0,구름 조금,"2,290","1,776",252,262,52,"1,009",866,"3,156"
2017-11-04,토,1,맑음,"8,665","7,476",226,963,91,216,"3,422","12,087"
2017-11-05,일,1,구름 많음,"10,026","8,543",220,"1,263",104,69,"2,736","12,762"
2017-11-06,월,0,구름 많음,"1,580","1,504",13,63,44,68,"1,760","3,340"
2017-11-07,화,0,구름 많음,"1,857","1,319",397,141,53,846,"1,637","3,494"
2017-11-08,수,0,맑음,"1,272","1,010",245,17,50,424,"1,381","2,653"
2017-11-09,목,0,맑음,"1,428","1,274",10,144,29,301,"1,661","3,089"
2017-11-10,금,0,비,"1,106",941,88,77,36,695,"1,247","2,353"
2017-11-11,토,1,맑음,"6,091","5,225",191,675,68,"1,026","1,917","8,008"
2017-11-12,일,1,구름 조금,"7,128","6,232",175,721,32,520,"2,184","9,312"
2017-11-13,월,0,흐림,606,561,13,32,7,35,"1,005","1,611"
2017-11-14,화,0,구름 조금,853,758,1,94,25,256,"1,150","2,003"
2017-11-15,수,0,구름 조금,485,437,32,16,27,169,919,"1,404"
2017-11-16,목,0,구름 조금,476,372,72,32,30,0,769,"1,245"
2017-11-17,금,0,비,692,271,409,12,29,471,696,"1,388"
2017-11-18,토,1,맑음,"1,637","1,374",85,178,57,352,"1,122","2,759"
2017-11-19,일,1,맑음,"1,082",950,51,81,59,30,836,"1,918"
2017-11-20,월,0,구름 많음,260,232,20,8,26,0,597,857
2017-11-21,화,0,맑음,709,238,407,64,14,430,872,"1,581"
2017-11-22,수,0,맑음,455,315,42,98,30,165,586,"1,041"
2017-11-23,목,0,흐림,"1,315",806,31,478,24,"1,101",612,"1,927"
2017-11-24,금,0,구름 많음,203,175,21,7,13,0,544,747
2017-11-25,토,1,비,468,428,9,31,12,157,916,"1,384"
2017-11-26,일,1,구름 조금,"1,600","1,368",56,176,56,0,887,"2,487"
2017-11-27,월,0,,342,313,12,17,2,46,730,"1,072"
2017-11-28,화,0,,302,267,14,21,48,0,837,"1,139"
2017-11-29,수,0,,191,163,18,10,18,0,604,795
2017-11-30,목,0,맑음,"10,638",158,"10,472",8,20,42,680,"11,318"
2017-12-01,금,0,구름 많음,213,170,33,10,21,0,505,718
2017-12-02,토,1,구름 많음,"1,133","1,010",45,78,18,0,"1,035","2,168"
2017-12-03,일,1,흐림,"1,120",986,33,101,21,0,871,"1,991"
2017-12-04,월,0,구름 조금,161,136,17,8,11,0,558,719
2017-12-05,화,0,흐림,169,164,1,4,5,71,461,630
2017-12-06,수,0,흐림,109,97,10,2,15,0,612,721
2017-12-07,목,0,구름 조금,199,144,50,5,13,33,712,911
2017-12-08,금,0,맑음,149,128,17,4,15,0,494,643
2017-12-09,토,1,구름 많음,776,678,30,68,20,32,"1,016","1,792"
2017-12-10,일,1,비,419,356,24,39,12,0,605,"1,024"
2017-12-11,월,0,,71,56,2,13,12,0,408,479
2017-12-12,화,0,맑음,85,45,37,3,4,33,239,324
2017-12-13,수,0,맑음,86,75,11,0,20,0,376,462
2017-12-14,목,0,구름 많음,319,59,15,245,9,241,442,761
2017-12-15,금,0,흐림,145,99,35,11,12,0,482,627
2017-12-16,토,1,구름 조금,371,306,20,45,11,0,835,"1,206"
2017-12-17,일,1,구름 조금,442,379,20,43,28,38,554,996
2017-12-18,월,0,구름 많음,103,89,13,1,2,0,317,420
2017-12-19,화,0,맑음,165,61,102,2,22,90,492,657
2017-12-20,수,1,눈,"2,509",202,"2,035",272,1,"2,454",476,"2,985"
2017-12-21,목,0,맑음,132,103,18,11,12,0,521,653
2017-12-22,금,0,구름 많음,209,186,11,12,3,1,595,804
2017-12-23,토,1,흐림,912,771,66,75,41,43,998,"1,910"
2017-12-24,일,1,눈/비,144,114,14,16,7,0,259,403
2017-12-25,월,1,맑음,"1,502","1,195",188,119,29,3,526,"2,028"
2017-12-26,화,0,맑음,200,178,7,15,24,0,572,772
2017-12-27,수,0,맑음,129,112,10,7,9,0,359,488
2017-12-28,목,0,흐림,197,174,6,17,15,0,581,778
2017-12-29,금,0,구름 많음,345,273,30,42,39,0,508,853
2017-12-30,토,1,눈,709,574,46,89,38,0,811,"1,520"
2017-12-31,일,1,맑음,"1,274","1,069",57,148,50,0,594,"1,868"
2018-01-01,월,1,맑음,"1,688","1,380",99,209,40,0,628,"2,316"
2018-01-02,화,0,구름 조금,403,344,15,44,22,119,585,988
2018-01-03,수,0,구름 조금,192,153,22,17,4,0,502,694
2018-01-04,목,0,흐림,165,134,9,22,14,1,506,671
2018-01-05,금,0,구름 조금,189,146,12,31,8,0,569,758
2018-01-06,토,1,맑음,968,836,32,100,25,0,967,"1,935"
2018-01-07,일,1,흐림,922,749,61,112,20,0,959,"1,881"
2018-01-08,월,0,흐림,193,150,13,30,13,0,441,634
2018-01-09,화,0,구름 많음,115,94,6,15,13,0,408,523
2018-01-10,수,0,구름 조금,70,56,7,7,6,0,312,382
2018-01-11,목,0,맑음,43,34,8,1,0,0,269,312
2018-01-12,금,0,맑음,52,45,5,2,15,0,176,228
2018-01-13,토,1,맑음,350,297,18,35,3,0,665,"1,015"
2018-01-14,일,1,구름 많음,839,713,32,94,2,0,815,"1,654"
2018-01-15,월,0,구름 조금,225,172,31,22,14,0,420,645
2018-01-16,화,0,비,150,115,15,20,8,0,549,699
2018-01-17,수,0,구름 조금,196,156,23,17,15,0,435,631
2018-01-18,목,0,구름 많음,989,311,440,238,1,776,514,"1,503"
2018-01-19,금,0,맑음,334,257,28,49,17,0,584,918
2018-01-20,토,1,구름 조금,"1,138",941,72,125,3,30,945,"2,083"
2018-01-21,일,1,구름 많음,"1,234","1,015",61,158,18,0,889,"2,123"
2018-01-22,월,0,눈,311,210,34,67,6,0,541,852
2018-01-23,화,0,맑음,67,48,9,10,7,0,296,363
2018-01-24,수,0,맑음,18,16,1,1,0,0,110,128
2018-01-25,목,0,맑음,23,23,0,0,1,0,139,162
2018-01-26,금,0,맑음,50,31,13,6,0,0,172,222
2018-01-27,토,1,구름 조금,247,202,30,15,11,0,408,655
2018-01-28,일,1,구름 조금,457,371,31,55,15,0,505,962
2018-01-29,월,0,맑음,87,74,7,6,6,0,322,409
2018-01-30,화,0,구름 많음,"9,203",92,"9,100",11,2,"9,097",457,"9,660"
2018-01-31,수,0,구름 많음,151,131,11,9,12,0,434,585
2018-02-01,목,0,맑음,194,157,19,18,5,0,485,679
2018-02-02,금,0,구름 많음,152,127,14,11,11,0,552,704
2018-02-03,토,1,구름 조금,415,340,27,48,10,0,634,"1,049"
2018-02-04,일,1,맑음,281,238,15,28,1,1,509,790
2018-02-05,월,0,맑음,66,59,5,2,14,0,282,348
2018-02-06,화,0,구름 조금,60,55,2,3,13,0,309,369
2018-02-07,수,0,구름 많음,78,58,14,6,4,0,340,418
2018-02-08,목,0,맑음,177,131,25,21,2,1,547,724
2018-02-09,금,0,,172,141,18,13,3,0,485,657
2018-02-10,토,1,,907,756,40,111,17,0,954,"1,861"
2018-02-11,일,1,눈,544,446,29,69,6,4,615,"1,159"
2018-02-12,월,0,구름 많음,120,84,20,16,18,0,379,499
2018-02-13,화,0,맑음,195,166,19,10,19,0,530,725
2018-02-14,수,0,,354,279,43,32,19,0,456,810
2018-02-15,목,1,구름 조금,"1,193","1,023",37,133,64,0,572,"1,765"
2018-02-16,금,1,맑음,"2,331","2,013",71,247,246,0,676,"3,007"
2018-02-17,토,1,맑음,"2,617","2,229",101,287,71,0,973,"3,590"
2018-02-18,일,1,구름 많음,"2,111","1,822",70,219,88,0,"1,259","3,370"
2018-02-19,월,0,구름 많음,767,620,51,96,29,0,791,"1,558"
2018-02-20,화,0,구름 조금,561,420,60,81,6,0,682,"1,243"
2018-02-21,수,0,구름 조금,465,362,41,62,3,0,704,"1,169"
2018-02-22,목,0,구름 많음,562,424,58,80,17,0,786,"1,348"
2018-02-23,금,0,구름 조금,490,352,53,85,9,0,589,"1,079"
2018-02-24,토,1,구름 많음,"2,125","1,810",65,250,33,36,"1,237","3,362"
2018-02-25,일,1,맑음,"4,517","3,856",123,538,34,0,"1,622","6,139"
2018-02-26,월,0,구름 조금,"1,417","1,081",97,239,17,0,835,"2,252"
2018-02-27,화,0,흐림,769,543,89,137,11,0,748,"1,517"
2018-02-28,수,0,비,168,123,8,37,6,0,458,626
2018-03-01,목,1,맑음,"2,320","1,948",112,260,24,75,970,"3,290"
2018-03-02,금,0,맑음,712,649,8,55,25,0,788,"1,500"
2018-03-03,토,1,구름 많음,"10,711","9,307",224,"1,180",58,30,"3,829","14,540"
2018-03-04,일,1,흐림,"2,268","1,926",78,264,52,0,"1,351","3,619"
2018-03-05,월,0,구름 조금,546,536,2,8,2,0,503,"1,049"
2018-03-06,화,0,구름 조금,739,722,5,12,27,0,"1,012","1,751"
2018-03-07,수,0,구름 많음,583,564,4,15,20,0,851,"1,434"
2018-03-08,목,0,흐림,139,135,2,2,8,0,465,604
2018-03-09,금,0,구름 조금,495,472,5,18,31,30,871,"1,366"
2018-03-10,토,1,구름 조금,"7,513","6,454",137,922,79,0,"3,210","10,723"
2018-03-11,일,1,구름 조금,"11,235","9,619",231,"1,385",13,0,"3,277","14,512"
2018-03-12,월,0,맑음,818,805,4,9,32,0,737,"1,555"
2018-03-13,화,0,구름 조금,889,845,5,39,39,34,930,"1,819"
2018-03-14,수,0,구름 조금,"1,872","1,775",43,54,22,30,"1,160","3,032"
2018-03-15,목,0,비,82,76,0,6,3,0,308,390
2018-03-16,금,0,맑음,"1,118","1,073",13,32,42,0,983,"2,101"
2018-03-17,토,1,구름 많음,"17,044","14,635",256,"2,153",44,87,"4,667","21,711"
2018-03-18,일,1,흐림,"8,256","6,882",192,"1,182",67,0,"3,084","11,340"
2018-03-19,월,0,구름 조금,295,282,1,12,9,0,490,785
2018-03-20,화,0,구름 많음,377,346,9,22,30,0,851,"1,228"
2018-03-21,수,0,눈,"1,673",353,828,492,4,0,511,"2,184"
2018-03-22,목,0,맑음,603,580,13,10,44,41,956,"1,559"
2018-03-23,금,0,구름 조금,"1,002",901,49,52,18,68,920,"1,922"
2018-03-24,토,1,구름 조금,"6,364","5,428",174,762,59,94,"2,054","8,418"
2018-03-25,일,1,맑음,"5,576","4,723",216,637,114,0,"1,758","7,334"
2018-03-26,월,0,맑음,621,576,15,30,26,0,606,"1,227"
2018-03-27,화,0,구름 조금,560,497,21,42,26,0,737,"1,297"
2018-03-28,수,0,구름 조금,964,838,82,44,18,69,866,"1,830"
2018-03-29,목,0,구름 조금,725,671,18,36,41,69,863,"1,588"
2018-03-30,금,0,맑음,"2,395","1,685",621,89,60,618,"1,275","3,670"
2018-03-31,토,1,구름 조금,"17,894","15,235",257,"2,402",101,298,"6,715","24,609"
2018-04-01,일,1,흐림,"10,899","9,247",197,"1,455",156,36,"4,222","15,121"
2018-04-02,월,0,,"1,818","1,697",13,108,12,30,967,"2,785"
2018-04-03,화,0,,"2,140","1,861",103,176,67,271,"1,549","3,689"
2018-04-04,수,0,,"1,585","1,453",47,85,32,0,990,"2,575"
2018-04-05,목,0,,559,145,408,6,7,394,433,992
2018-04-06,금,0,구름 많음,"2,933","1,189","1,549",195,31,"1,752",987,"3,920"
2018-04-07,토,1,구름 많음,"9,469","8,279",223,967,88,181,"3,272","12,741"
2018-04-08,일,1,흐림,"9,341","7,953",220,"1,168",139,0,"3,342","12,683"
2018-04-09,월,0,구름 조금,"3,844","2,904",760,180,50,943,"1,931","5,775"
2018-04-10,화,0,구름 많음,"3,726","3,045",531,150,66,"1,184","3,510","7,236"
2018-04-11,수,0,맑음,"2,229","1,887",288,54,68,385,"1,955","4,184"
2018-04-12,목,0,맑음,"4,025","3,094",539,392,26,"1,460","3,239","7,264"
2018-04-13,금,0,구름 많음,"5,380","4,035","1,119",226,49,"1,743","3,314","8,694"
2018-04-14,토,1,흐림,"1,075",944,24,107,16,40,"1,022","2,097"
2018-04-15,일,1,구름 조금,"16,642","14,214",318,"2,110",145,30,"4,713","21,355"
2018-04-16,월,0,구름 조금,"3,299","3,110",21,168,31,376,"2,181","5,480"
2018-04-17,화,0,맑음,"2,530","2,173",32,325,26,844,"2,634","5,164"
2018-04-18,수,0,맑음,"2,826","2,083",89,654,61,"1,329","2,808","5,634"
2018-04-19,목,0,맑음,"2,455","2,150",117,188,21,"1,053","2,614","5,069"
2018-04-20,금,0,맑음,"3,459","2,759",100,600,43,"1,273","1,894","5,353"
2018-04-21,토,1,구름 조금,"21,602","18,559",329,"2,714",200,"1,076","11,008","32,610"
2018-04-22,일,1,비,"5,932","5,156",56,720,81,974,"1,748","7,680"
2018-04-23,월,0,비,61,55,2,4,0,0,227,288
2018-04-24,화,0,구름 많음,"1,685","1,122",25,538,44,"1,538","2,655","4,340"
2018-04-25,수,0,맑음,"4,324","2,831",545,948,70,"3,560","4,309","8,633"
2018-04-26,목,0,구름 조금,"10,774","3,347","6,138","1,289",76,"10,674","5,059","15,833"
2018-04-27,금,0,맑음,"10,229","9,107",404,718,26,"9,758","4,121","14,350"
2018-04-28,토,1,맑음,"17,221","14,736",313,"2,172",43,858,"5,743","22,964"
2018-04-29,일,1,구름 조금,"22,455","19,172",313,"2,970",229,681,"7,319","29,774"
2018-04-30,월,0,구름 조금,"4,035","3,387",158,490,37,"1,485","11,066","15,101"
2018-05-01,화,0,흐림,"16,617","13,436","1,974","1,207",194,"2,092","5,667","22,284"
2018-05-02,수,0,비,697,227,338,132,14,449,652,"1,349"
2018-05-03,목,0,흐림,"6,490","1,251","1,148","4,091",24,"6,124","2,613","9,103"
2018-05-04,금,0,맑음,"8,372","3,297","4,471",604,47,"5,642","3,026","11,398"
2018-05-05,토,1,맑음,"29,521","28,592",899,30,208,65,"22,789","52,310"
2018-05-06,일,1,비,"2,624","2,109",162,353,65,125,720,"3,344"
2018-05-07,월,1,구름 많음,"24,639","20,266",900,"3,473",182,30,"8,182","32,821"
2018-05-08,화,0,,"3,600","2,370",895,335,17,"1,051","2,128","5,728"
2018-05-09,수,0,,"2,938","2,360",160,418,34,"1,677","2,954","5,892"
2018-05-10,목,0,,"3,138","2,028",433,677,35,"2,421","3,624","6,762"
2018-05-11,금,0,구름 많음,"6,050","2,408","2,943",699,1,"5,003","3,785","9,835"
2018-05-12,토,1,비,801,739,11,51,32,269,544,"1,345"
2018-05-13,일,1,구름 조금,"17,365","14,802",484,"2,079",209,503,"5,766","23,131"
2018-05-14,월,0,맑음,"2,153","1,755",219,179,24,905,"1,949","4,102"
2018-05-15,화,0,구름 많음,"2,476","1,494",829,153,28,"1,526","2,349","4,825"
2018-05-16,수,0,비,222,107,37,78,7,373,674,896
2018-05-17,목,0,비,830,211,583,36,7,752,479,"1,309"
2018-05-18,금,0,흐림,"4,252",813,"3,092",347,19,"3,607","1,240","5,492"
2018-05-19,토,1,맑음,"24,047","20,837",380,"2,830",110,396,"9,608","33,655"
2018-05-20,일,1,구름 많음,"23,579","19,838",555,"3,186",341,378,"6,870","30,449"
2018-05-21,월,0,구름 조금,"13,403","10,464",677,"2,262",65,735,"5,895","19,298"
2018-05-22,화,1,흐림,"21,239","17,400",600,"3,239",92,652,"7,256","28,495"
2018-05-23,수,0,맑음,"2,802","2,446",97,259,59,"1,417","3,500","6,302"
2018-05-24,목,0,맑음,"2,706","2,224",426,56,123,"1,370","3,681","6,387"
2018-05-25,금,0,구름 많음,"5,120","2,893","1,923",304,92,"2,676","3,337","8,457"
2018-05-26,토,1,맑음,"20,847","18,389",582,"1,876",201,"1,664","6,858","27,705"
2018-05-27,일,1,구름 많음,"24,339","21,527",555,"2,257",373,324,"7,905","32,244"
2018-05-28,월,0,구름 조금,"23,912","11,939","10,369","1,604",180,"10,733","3,293","27,205"
2018-05-29,화,0,구름 많음,"3,637","3,490",18,129,33,"1,690","5,104","8,741"
2018-05-30,수,0,구름 많음,"4,129","3,939",134,56,79,742,"3,174","7,303"
2018-05-31,목,0,맑음,"5,134","4,562",468,104,117,"1,609","21,142","26,276"
2018-06-01,금,0,맑음,"6,257","4,046","1,997",214,106,"3,118","3,712","9,969"
2018-06-02,토,1,맑음,"20,225","18,090",368,"1,767",208,431,"6,116","26,341"
2018-06-03,일,1,맑음,"20,260","18,092",384,"1,784",202,93,"5,548","25,808"
2018-06-04,월,0,구름 많음,"3,232","3,079",44,109,138,283,"2,690","5,922"
2018-06-05,화,0,구름 조금,"4,678","3,209","1,276",193,111,"2,802","4,349","9,027"
2018-06-06,수,1,맑음,"22,109","19,205",668,"2,236",261,338,"7,835","29,944"
2018-06-07,목,0,구름 조금,"3,102","2,504",512,86,56,"1,315","3,069","6,171"
2018-06-08,금,0,구름 조금,"3,315","2,902",254,159,120,"1,173","3,842","7,157"
2018-06-09,토,1,흐림,"13,365","11,826",373,"1,166",116,355,"4,671","18,036"
2018-06-10,일,1,흐림,"15,026","13,255",217,"1,554",171,89,"4,302","19,328"
2018-06-11,월,0,구름 많음,"1,828","1,669",68,91,39,449,"1,798","3,626"
2018-06-12,화,0,구름 조금,"2,997","1,920",841,236,42,"1,548","2,550","5,547"
2018-06-13,수,1,구름 많음,"13,317","11,569",282,"1,466",205,0,"4,680","17,997"
2018-06-14,목,0,비,962,911,13,38,33,62,804,"1,766"
2018-06-15,금,0,구름 조금,"2,311","1,710",424,177,38,"1,053","2,051","4,362"
2018-06-16,토,1,구름 조금,"11,555","10,154",181,"1,220",38,70,"3,652","15,207"
2018-06-17,일,1,구름 많음,"9,181","7,963",162,"1,056",130,30,"3,073","12,254"
2018-06-18,월,0,맑음,"1,166","1,085",20,61,23,192,"1,266","2,432"
2018-06-19,화,0,구름 많음,"2,110","1,078",20,"1,012",60,"1,222","1,671","3,781"
2018-06-20,수,0,구름 조금,"1,514","1,297",98,119,56,753,"1,698","3,212"
2018-06-21,목,0,맑음,"1,225","1,173",21,31,25,455,"1,668","2,893"
2018-06-22,금,0,구름 조금,"14,422","1,950","11,576",896,49,"13,462","1,600","16,022"
2018-06-23,토,1,구름 많음,"6,410","5,704",82,624,99,61,"2,435","8,845"
2018-06-24,일,1,맑음,"4,906","4,335",76,495,193,30,"1,647","6,553"
2018-06-25,월,0,구름 많음,"1,180","1,116",20,44,94,170,"1,104","2,284"
2018-06-26,화,0,비,"13,560","11,753",769,"1,038",5,"12,927",206,"13,766"
2018-06-27,수,0,구름 많음,944,872,15,57,38,72,"1,042","1,986"
2018-06-28,목,0,구름 많음,764,703,14,47,20,254,"1,205","1,969"
2018-06-29,금,0,구름 많음,"7,072","1,013","5,884",175,30,"6,067","1,028","8,100"
2018-06-30,토,1,비,"1,998","1,709",61,228,41,30,"1,606","3,604"
2018-07-01,일,1,비,114,98,2,14,4,0,297,411
2018-07-02,월,0,비,105,101,1,3,15,0,229,334
2018-07-03,화,0,구름 많음,826,747,32,47,35,73,951,"1,777"
2018-07-04,수,0,구름 많음,679,620,24,35,47,36,889,"1,568"
2018-07-05,목,0,비,556,494,35,27,53,0,727,"1,283"
2018-07-06,금,0,구름 많음,"1,221","1,072",58,91,51,132,"1,197","2,418"
2018-07-07,토,1,구름 많음,"8,313","7,308",165,840,68,99,"2,866","11,179"
2018-07-08,일,1,흐림,"9,309","8,061",191,"1,057",106,35,"2,898","12,207"
2018-07-09,월,0,비,183,164,5,14,21,0,391,574
2018-07-10,화,0,흐림,772,659,66,47,32,63,842,"1,614"
2018-07-11,수,0,구름 많음,680,589,36,55,35,31,727,"1,407"
2018-07-12,목,0,구름 조금,"1,665","1,138",38,489,42,925,852,"2,517"
2018-07-13,금,0,구름 많음,664,570,52,42,24,84,692,"1,356"
2018-07-14,토,1,구름 조금,"2,638","2,269",91,278,125,0,"1,280","3,918"
2018-07-15,일,1,구름 조금,"2,003","1,692",121,190,38,67,"1,028","3,031"
2018-07-16,월,0,맑음,364,330,7,27,42,0,488,852
2018-07-17,화,0,맑음,565,309,226,30,40,213,574,"1,139"
2018-07-18,수,0,맑음,"14,145","10,322","3,296",527,43,"10,866",552,"14,697"
2018-07-19,목,0,맑음,346,275,42,29,58,0,553,899
2018-07-20,금,0,맑음,375,237,100,38,25,63,381,756
2018-07-21,토,1,맑음,747,660,27,60,40,32,790,"1,537"
2018-07-22,일,1,구름 조금,690,597,37,56,129,0,538,"1,228"
2018-07-23,월,0,,295,226,32,37,14,0,310,605
2018-07-24,화,0,,247,168,56,23,26,33,269,516
2018-07-25,수,0,,268,187,59,22,12,30,383,651
2018-07-26,목,0,,340,257,41,42,21,0,372,712
2018-07-27,금,0,구름 많음,"1,438",220,"1,181",37,52,"1,157",392,"1,830"
2018-07-28,토,1,비,703,602,21,80,63,70,707,"1,410"
2018-07-29,일,1,구름 조금,"1,157",983,46,128,79,0,463,"1,620"
2018-07-30,월,0,구름 많음,581,478,46,57,15,0,356,937
2018-07-31,화,0,구름 조금,507,399,45,63,58,0,813,"1,320"
2018-08-01,수,0,맑음,319,253,30,34,13,0,288,607
2018-08-02,목,0,구름 조금,424,346,39,39,64,0,368,792
2018-08-03,금,0,구름 조금,524,474,22,28,113,0,177,701
2018-08-04,토,1,구름 조금,975,837,35,103,137,0,583,"1,558"
2018-08-05,일,1,구름 많음,"1,088",930,38,120,27,0,602,"1,690"
2018-08-06,월,0,구름 많음,497,399,29,69,37,0,318,815
2018-08-07,화,0,구름 많음,459,329,48,82,54,0,357,816
2018-08-08,수,0,구름 많음,420,288,67,65,33,47,300,720
2018-08-09,목,0,비,676,329,61,286,15,258,396,"1,072"
2018-08-10,금,0,비,432,315,51,66,37,0,293,725
2018-08-11,토,1,구름 조금,"1,421","1,212",50,159,57,0,649,"2,070"
2018-08-12,일,1,구름 많음,"2,409","2,133",95,181,67,710,698,"3,107"
2018-08-13,월,0,구름 많음,532,385,34,113,32,30,333,865
2018-08-14,화,0,구름 많음,599,283,264,52,5,33,344,943
2018-08-15,수,1,구름 많음,"1,227","1,006",66,155,36,0,563,"1,790"
2018-08-16,목,0,구름 조금,383,292,17,74,13,0,372,755
2018-08-17,금,0,맑음,"1,149",668,379,102,19,361,541,"1,690"
2018-08-18,토,1,구름 조금,"5,675","4,947",110,618,86,31,"2,181","7,856"
2018-08-19,일,1,구름 많음,"5,613","4,939",109,565,131,0,"1,707","7,320"
2018-08-20,월,0,구름 많음,794,657,27,110,30,0,521,"1,315"
2018-08-21,화,0,구름 많음,653,537,23,93,29,0,532,"1,185"
2018-08-22,수,0,구름 조금,"1,020",704,15,301,24,432,481,"1,501"
2018-08-23,목,0,비,227,202,2,23,36,0,293,520
2018-08-24,금,0,비,257,212,11,34,23,0,223,480
2018-08-25,토,1,구름 많음,"7,588","6,644",114,830,51,37,"2,670","10,258"
2018-08-26,일,1,비,"3,683","3,161",64,458,83,0,"1,743","5,426"
2018-08-27,월,0,비,238,218,5,15,22,0,311,549
2018-08-28,화,0,비,86,75,5,6,10,61,558,644
2018-08-29,수,0,비,"3,963","3,408",215,340,20,"3,713",379,"4,342"
2018-08-30,목,0,구름 많음,561,518,5,38,30,0,505,"1,066"
2018-08-31,금,0,구름 많음,"1,251","1,114",58,79,8,38,"1,122","2,373"
2018-09-01,토,1,구름 조금,"10,306","8,969",132,"1,205",86,31,"4,876","15,182"
2018-09-02,일,1,구름 많음,"12,283","10,619",177,"1,487",61,0,"3,258","15,541"
2018-09-03,월,0,비,183,173,1,9,19,51,501,684
2018-09-04,화,0,구름 조금,"1,122","1,013",16,93,21,151,"1,089","2,211"
2018-09-05,수,0,맑음,"1,716","1,308",360,48,45,352,"1,194","2,910"
2018-09-06,목,0,구름 많음,"1,221","1,143",10,68,27,140,"1,162","2,383"
2018-09-07,금,0,구름 조금,"2,068","1,469",537,62,45,825,"1,402","3,470"
2018-09-08,토,1,맑음,"17,054","14,447",190,"2,417",63,965,"5,049","22,103"
2018-09-09,일,1,구름 조금,"16,753","14,333",222,"2,198",150,44,"6,449","23,202"
2018-09-10,월,0,구름 조금,"2,233","1,567",450,216,29,662,"1,096","3,329"
2018-09-11,화,0,구름 많음,"1,636","1,443",19,174,29,536,"1,910","3,546"
2018-09-12,수,0,구름 조금,"1,670","1,315",5,350,24,500,"1,362","3,032"
2018-09-13,목,0,구름 많음,"1,420","1,366",9,45,42,321,"1,762","3,182"
2018-09-14,금,0,흐림,"1,480","1,189",108,183,49,793,"1,631","3,111"
2018-09-15,토,1,흐림,"7,084","6,047",156,881,18,995,"3,602","10,686"
2018-09-16,일,1,흐림,"6,738","5,751",156,831,41,121,"2,310","9,048"
2018-09-17,월,0,맑음,"1,667","1,593",11,63,38,69,"1,344","3,011"
2018-09-18,화,0,구름 많음,"1,739","1,299",12,428,44,654,"1,571","3,310"
2018-09-19,수,0,구름 많음,"5,846","4,747",329,770,32,"5,044","1,487","7,333"
2018-09-20,목,0,흐림,"1,175",449,1,725,8,"1,028",521,"1,696"
2018-09-21,금,0,흐림,327,296,12,19,6,30,414,741
2018-09-22,토,1,맑음,"10,785","9,398",193,"1,194",120,0,"3,516","14,301"
2018-09-23,일,1,구름 많음,"10,061","8,765",201,"1,095",367,0,"3,004","13,065"
2018-09-24,월,1,맑음,"15,565","13,551",413,"1,601",15,32,"4,096","19,661"
2018-09-25,화,1,맑음,"23,063","19,727",475,"2,861",296,0,"6,495","29,558"
2018-09-26,수,1,구름 조금,"15,663","13,346",308,"2,009",109,38,"5,468","21,131"
2018-09-27,목,0,,"3,363","2,444",429,490,35,731,"1,790","5,153"
2018-09-28,금,0,,"3,631","1,901",158,"1,572",24,"2,060","2,279","5,910"
2018-09-29,토,1,,"15,592","13,378",199,"2,015",170,256,"6,697","22,289"
2018-09-30,일,1,,"15,058","12,985",175,"1,898",83,306,"4,810","19,868"
2018-10-01,월,0,구름 많음,"1,518","1,364",20,134,21,593,"1,689","3,207"
2018-10-02,화,0,맑음,"2,028","1,680",138,210,27,"1,321","2,835","4,863"
2018-10-03,수,1,맑음,"20,659","17,506",245,"2,908",164,138,"6,790","27,449"
2018-10-04,목,0,구름 조금,"1,860","1,614",17,229,31,883,"2,299","4,159"
2018-10-05,금,0,비,935,273,444,218,6,914,491,"1,426"
2018-10-06,토,1,비,913,800,24,89,14,55,442,"1,355"
2018-10-07,일,1,구름 조금,"16,157","13,477",301,"2,379",117,66,"5,903","22,060"
2018-10-08,월,0,구름 조금,"7,914","5,534",731,"1,649",53,"1,062","3,697","11,611"
2018-10-09,화,1,구름 많음,"19,382","16,005",388,"2,989",30,320,"8,132","27,514"
2018-10-10,수,0,구름 조금,"1,752","1,021",542,189,6,"1,019","1,632","3,384"
2018-10-11,목,0,구름 조금,"2,264","1,541",229,494,27,"2,031","2,807","5,071"
2018-10-12,금,0,맑음,"4,783","1,819","2,194",770,40,"3,996","3,512","8,295"
2018-10-13,토,1,맑음,"12,039","10,338",209,"1,492",36,"1,106","4,602","16,641"
2018-10-14,일,1,구름 많음,"13,028","10,960",237,"1,831",62,52,"4,734","17,762"
2018-10-15,월,0,맑음,"6,105","3,839",250,"2,016",37,"4,767","1,475","7,580"
2018-10-16,화,0,구름 많음,"2,597","1,311",709,577,28,"1,588","2,264","4,861"
2018-10-17,수,0,맑음,"2,754","1,687",222,845,53,"1,778","3,149","5,903"
2018-10-18,목,0,비,"2,686","1,799",123,764,23,"1,359","2,460","5,146"
2018-10-19,금,0,,"8,266","4,349","2,925",992,14,"4,282","3,119","11,385"
2018-10-20,토,1,,"16,658","14,068",305,"2,285",76,"2,527","5,857","22,515"
2018-10-21,일,1,,"15,861","13,338",361,"2,162",139,118,"5,505","21,366"
2018-10-22,월,0,,"2,265","2,041",128,96,65,331,"2,190","4,455"
2018-10-23,화,0,비,"1,350",733,214,403,2,692,"1,055","2,405"
2018-10-24,수,0,맑음,"2,693","2,077",32,584,26,"1,102","2,547","5,240"
2018-10-25,목,0,구름 조금,"3,396","2,549",202,645,10,"1,475","3,266","6,662"
2018-10-26,금,0,비,"13,684","10,467","1,122","2,095",8,"13,007",602,"14,286"
2018-10-27,토,1,구름 많음,"14,941","11,443",402,"3,096",107,"7,691","6,620","21,561"
2018-10-28,일,1,비,"3,568","3,067",118,383,29,0,"1,348","4,916"
2018-10-29,월,0,구름 많음,"1,550","1,405",39,106,11,690,"1,792","3,342"
2018-10-30,화,0,구름 조금,"1,727","1,351",27,349,3,761,"2,059","3,786"
2018-10-31,수,0,맑음,"3,799","1,303","2,282",214,48,"1,041","1,931","5,730"
2018-11-01,목,0,맑음,"1,581","1,323",60,198,31,890,"2,342","3,923"
2018-11-02,금,0,맑음,"3,208","2,486",320,402,41,"1,250","1,944","5,152"
2018-11-03,토,1,맑음,"11,573","9,817",231,"1,525",152,436,"5,053","16,626"
2018-11-04,일,1,구름 조금,"12,125","10,223",307,"1,595",79,195,"3,778","15,903"
2018-11-05,월,0,구름 조금,"1,342","1,267",12,63,18,30,"1,438","2,780"
2018-11-06,화,0,구름 많음,838,689,48,101,23,136,"1,270","2,108"
2018-11-07,수,0,흐림,558,495,3,60,6,226,763,"1,321"
2018-11-08,목,0,비,249,106,140,3,4,205,327,576
2018-11-09,금,0,구름 조금,"1,727",916,525,286,32,880,"1,195","2,922"
2018-11-10,토,1,맑음,"4,053","3,376",132,545,87,288,"2,180","6,233"
2018-11-11,일,1,비,"3,750","3,061",236,453,13,677,"1,454","5,204"
2018-11-12,월,0,맑음,"1,129",981,15,133,27,86,"1,187","2,316"
2018-11-13,화,0,맑음,896,844,9,43,10,30,"1,348","2,244"
2018-11-14,수,0,맑음,970,859,75,36,14,50,"1,249","2,219"
2018-11-15,목,0,구름 많음,971,758,144,69,19,81,940,"1,911"
2018-11-16,금,0,구름 많음,750,674,44,32,11,151,876,"1,626"
2018-11-17,토,1,구름 많음,"4,722","4,052",117,553,51,137,"1,937","6,659"
2018-11-18,일,1,구름 많음,"4,689","4,023",111,555,30,0,"1,715","6,404"
2018-11-19,월,0,구름 조금,584,544,14,26,15,73,799,"1,383"
2018-11-20,화,0,맑음,508,480,8,20,27,0,919,"1,427"
2018-11-21,수,0,비,315,277,32,6,4,151,578,893
2018-11-22,목,0,맑음,"4,251",553,25,"3,673",29,"3,809",713,"4,964"
2018-11-23,금,0,맑음,466,396,37,33,21,0,742,"1,208"
2018-11-24,토,1,구름 많음,700,625,14,61,20,0,704,"1,404"
2018-11-25,일,1,구름 조금,"2,318","1,996",70,252,50,67,"1,381","3,699"
2018-11-26,월,0,맑음,439,411,12,16,23,0,730,"1,169"
2018-11-27,화,0,구름 많음,297,223,65,9,8,33,626,923
2018-11-28,수,0,구름 조금,241,206,23,12,2,32,654,895
2018-11-29,목,0,구름 많음,"7,705","7,646",18,41,16,"7,527",767,"8,472"
2018-11-30,금,0,구름 조금,398,311,42,45,30,30,589,987
2018-12-01,토,1,맑음,"2,440","2,106",35,299,46,28,"1,565","4,005"
2018-12-02,일,1,흐림,"2,221","1,851",80,290,26,0,"1,160","3,381"
2018-12-03,월,0,흐림,55,44,10,1,0,0,301,356
2018-12-04,화,0,구름 많음,144,116,23,5,4,0,466,610
2018-12-05,수,0,구름 많음,213,150,7,56,19,43,602,815
2018-12-06,목,0,구름 많음,185,161,18,6,0,0,693,878
2018-12-07,금,0,구름 조금,130,81,29,20,18,0,310,440
2018-12-08,토,1,구름 조금,323,200,14,109,13,79,484,807
2018-12-09,일,1,구름 조금,263,227,18,18,10,0,545,808
2018-12-10,월,0,맑음,125,102,17,6,9,0,428,553
2018-12-11,화,0,흐림,326,64,248,14,0,0,671,997
2018-12-12,수,0,맑음,"1,552",959,156,437,6,121,537,"2,089"
2018-12-13,목,0,구름 조금,464,82,373,9,5,359,390,854
2018-12-14,금,0,맑음,96,80,12,4,7,0,360,456
2018-12-15,토,1,구름 조금,594,465,66,63,22,0,787,"1,381"
2018-12-16,일,1,흐림,429,359,18,52,14,0,705,"1,134"
2018-12-17,월,0,맑음,159,148,4,7,15,0,497,656
2018-12-18,화,0,구름 조금,177,143,24,10,22,0,684,861
2018-12-19,수,0,구름 조금,207,173,29,5,0,36,602,809
2018-12-20,목,0,구름 조금,269,202,55,12,13,0,607,876
2018-12-21,금,0,구름 많음,"1,102",162,932,8,1,0,528,"1,630"
2018-12-22,토,1,구름 조금,972,816,80,76,23,41,"1,010","1,982"
2018-12-23,일,1,맑음,"1,638","1,422",52,164,41,32,"1,310","2,948"
2018-12-24,월,0,맑음,499,451,18,30,19,0,483,982
2018-12-25,화,1,흐림,"1,709","1,427",165,117,28,0,693,"2,402"
2018-12-26,수,0,구름 조금,250,223,10,17,23,0,502,752
2018-12-27,목,0,맑음,"3,498","2,960",33,505,10,"3,422",445,"3,943"
2018-12-28,금,0,맑음,70,59,7,4,14,0,287,357
2018-12-29,토,1,맑음,238,198,13,27,27,0,496,734
2018-12-30,일,1,맑음,449,371,21,57,37,0,466,915
2018-12-31,월,0,맑음,390,343,22,25,17,0,444,834
2019-01-01,화,0,구름 조금,919,776,48,95,54,0,605,"1,524"
2019-01-02,수,0,맑음,175,147,14,14,11,0,459,634
2019-01-03,목,0,맑음,182,153,8,21,16,0,595,777
2019-01-04,금,0,구름 많음,181,144,14,23,3,0,509,690
2019-01-05,토,1,,740,621,32,87,16,0,861,"1,601"
2019-01-06,일,1,,"1,013",842,34,137,17,0,"1,044","2,057"
2019-01-07,월,0,,213,158,8,47,26,0,560,773
2019-01-08,화,0,,152,125,12,15,5,0,652,804
2019-01-09,수,0,구름 많음,100,82,10,8,7,0,429,529
2019-01-10,목,0,구름 많음,203,159,19,25,16,31,636,839
2019-01-11,금,0,,248,198,26,24,29,0,566,814
2019-01-12,토,1,맑음,839,713,42,84,5,30,"1,016","1,855"
2019-01-13,일,1,,887,763,31,93,56,30,793,"1,680"
2019-01-14,월,0,,112,93,11,8,5,0,321,433
2019-01-15,화,0,,119,94,11,14,5,0,374,493
2019-01-16,수,0,맑음,169,141,11,17,12,0,505,674
2019-01-17,목,0,맑음,544,366,18,160,9,301,676,"1,220"
2019-01-18,금,0,맑음,238,180,20,38,6,0,572,810
2019-01-19,토,1,흐림,886,737,36,113,21,0,852,"1,738"
2019-01-20,일,1,맑음,"1,139",970,28,141,14,0,925,"2,064"
2019-01-21,월,0,구름 조금,214,147,24,43,6,0,517,731
2019-01-22,화,0,구름 조금,300,257,17,26,4,38,688,988
2019-01-23,수,0,맑음,213,172,11,30,11,0,543,756
2019-01-24,목,0,구름 조금,290,231,12,47,4,0,720,"1,010"
2019-01-25,금,0,,256,198,25,33,16,0,626,882
2019-01-26,토,1,,885,736,35,114,11,73,"1,138","2,023"
2019-01-27,일,1,,"1,400","1,197",42,161,32,0,991,"2,391"
2019-01-28,월,0,,223,191,12,20,7,0,480,703
2019-01-29,화,0,구름 조금,313,267,20,26,22,0,625,938
2019-01-30,수,0,구름 많음,215,173,24,18,10,0,501,716
2019-01-31,목,0,구름 많음,"1,089",888,29,172,11,934,535,"1,624"
2019-02-01,금,0,맑음,168,137,15,16,15,0,458,626
2019-02-02,토,1,구름 많음,780,678,24,78,30,32,850,"1,630"
2019-02-03,일,1,비,148,129,6,13,1,30,257,405
2019-02-04,월,1,,"1,883","1,631",59,193,78,0,667,"2,550"
2019-02-05,화,1,,"3,064","2,619",101,344,200,30,791,"3,855"
2019-02-06,수,1,,"2,453","2,057",98,298,83,0,"1,593","4,046"
2019-02-07,목,0,구름 조금,433,338,13,82,9,0,563,996
2019-02-08,금,0,,395,143,203,49,11,192,376,771
2019-02-09,토,1,맑음,910,745,40,125,21,63,861,"1,771"
2019-02-10,일,1,구름 많음,849,702,54,93,44,0,803,"1,652"
2019-02-11,월,0,맑음,231,183,18,30,9,0,501,732
2019-02-12,화,0,구름 조금,270,221,23,26,30,0,771,"1,041"
2019-02-13,수,0,맑음,254,199,22,33,12,0,663,917
2019-02-14,목,0,구름 많음,706,448,33,225,27,0,584,"1,290"
2019-02-15,금,0,흐림,130,109,11,10,1,0,457,587
2019-02-16,토,1,맑음,987,810,47,130,22,0,902,"1,889"
2019-02-17,일,1,맑음,"1,788","1,507",44,237,50,0,"1,046","2,834"
2019-02-18,월,0,,520,394,42,84,34,0,564,"1,084"
2019-02-19,화,0,,106,80,10,16,6,0,408,514
2019-02-20,수,0,,250,194,27,29,9,0,582,832
2019-02-21,목,0,맑음,374,288,33,53,10,0,624,998
2019-02-22,금,0,구름 많음,373,302,35,36,9,0,632,"1,005"
2019-02-23,토,1,맑음,"2,638","2,259",88,291,26,2,"1,448","4,086"
2019-02-24,일,1,,"5,261","4,393",165,703,118,0,"2,205","7,466"
2019-02-25,월,0,,750,580,46,124,29,35,678,"1,428"
2019-02-26,화,0,,"1,273","1,002",67,204,14,0,"1,012","2,285"
2019-02-27,수,0,구름 많음,"1,716","1,283",63,370,23,529,879,"2,595"
2019-02-28,목,0,구름 조금,"1,210",919,81,210,2,0,925,"2,135"
2019-03-01,금,1,,"4,730","3,868",206,656,23,107,"1,534","6,264"
2019-03-02,토,1,,"4,064","3,358",156,550,56,-,"1,427","5,491"
2019-03-03,일,1,,"3,160","2,703",135,322,21,-,"1,233","4,393"
2019-03-04,월,0,,356,338,9,9,2,-,466,822
2019-03-05,화,0,구름 많음,213,208,2,3,16,-,436,649
2019-03-06,수,0,구름 많음,130,127,-,3,2,-,383,513
2019-03-07,목,0,,516,505,4,7,4,-,680,"1,196"
2019-03-08,금,0,,792,764,2,26,18,-,830,"1,622"
2019-03-09,토,1,,"12,602","11,023",157,"1,422",52,74,"5,231","17,833"
2019-03-10,일,1,,"6,387","5,512",86,789,42,-,"2,867","9,254"
2019-03-11,월,0,,420,399,8,13,10,-,605,"1,025"
2019-03-12,화,0,,741,462,-,279,13,603,585,"1,326"
2019-03-13,수,0,,361,347,5,9,1,33,703,"1,064"
2019-03-14,목,0,,492,469,2,21,21,-,859,"1,351"
2019-03-15,금,0,눈/비,397,296,1,100,16,128,566,963
2019-03-16,토,1,구름 많음,"5,645","4,774",81,790,68,98,"3,077","8,722"
2019-03-17,일,1,,"12,169","10,313",199,"1,657",51,30,"3,549","15,718"
2019-03-18,월,0,,"1,055","1,019",5,31,33,-,890,"1,945"
2019-03-19,화,0,,973,939,4,30,3,31,"1,104","2,077"
2019-03-20,수,0,흐림,253,212,34,7,-,-,506,759
2019-03-21,목,0,구름 많음,446,373,1,72,13,60,698,"1,144"
2019-03-22,금,0,맑음,668,634,11,23,36,0,809,"1,477"
2019-03-23,토,1,눈/비,"2,097","1,760",44,293,42,0,"1,465","3,562"
2019-03-24,일,1,맑음,"10,039","8,502",161,"1,376",74,35,"2,748","12,787"
2019-03-25,월,0,구름 많음,768,725,8,35,5,-,770,"1,538"
2019-03-26,화,0,구름 조금,791,739,13,39,31,-,953,"1,744"
2019-03-27,수,0,구름 많음,504,464,10,30,21,-,613,"1,117"
2019-03-28,목,0,구름 많음,761,687,46,28,35,108,904,"1,665"
2019-03-29,금,0,구름 조금,"1,644","1,447",120,77,14,188,"1,226","2,870"
2019-03-30,토,1,흐림,"1,539","1,326",44,169,29,115,913,"2,452"
2019-03-31,일,1,구름 조금,"3,061","2,563",111,387,53,-,"1,357","4,418"
