날짜,요일,공휴일,날씨,유료합계,무료합계,총계
2016-01-01,금,1,구름 조금,"3,359","1,023","4,382"
2016-01-02,토,1,구름 많음,"5,173","2,092","7,265"
2016-01-03,일,1,구름 많음,"3,008","1,549","4,557"
2016-01-04,월,0,구름 많음,890,800,"1,690"
2016-01-05,화,0,구름 많음,416,840,"1,256"
2016-01-06,수,0,구름 조금,367,807,"1,174"
2016-01-07,목,0,맑음,309,735,"1,044"
2016-01-08,금,0,구름 조금,315,611,926
2016-01-09,토,1,구름 많음,"1,418","1,222","2,640"
2016-01-10,일,1,구름 많음,"2,211","1,393","3,604"
2016-01-11,월,0,구름 조금,368,628,996
2016-01-12,화,0,구름 조금,862,780,"1,642"
2016-01-13,수,0,구름 많음,240,767,"1,007"
2016-01-14,목,0,구름 조금,252,620,872
2016-01-15,금,0,구름 조금,339,708,"1,047"
2016-01-16,토,1,구름 많음,"1,720","1,277","2,997"
2016-01-17,일,1,흐림,"2,313","1,135","3,448"
2016-01-18,월,0,구름 많음,216,592,808
2016-01-19,화,0,맑음,78,222,300
2016-01-20,수,0,맑음,82,340,422
2016-01-21,목,0,구름 많음,153,474,627
2016-01-22,금,0,구름 조금,128,458,586
2016-01-23,토,1,구름 조금,296,594,890
2016-01-24,일,1,구름 조금,128,196,324
2016-01-25,월,0,맑음,72,350,422
2016-01-26,화,0,눈,150,608,758
2016-01-27,수,0,구름 조금,394,824,"1,218"
2016-01-28,목,0,구름 많음,370,776,"1,146"
2016-01-29,금,0,흐림,"1,074",703,"1,777"
2016-01-30,토,1,구름 조금,"2,655","1,473","4,128"
2016-01-31,일,1,구름 조금,"1,510","1,074","2,584"
2016-02-01,월,0,맑음,"3,238",508,"3,746"
2016-02-02,화,0,맑음,"2,199",728,"2,927"
2016-02-03,수,0,구름 조금,296,834,"1,130"
2016-02-04,목,0,구름 조금,371,749,"1,120"
2016-02-05,금,0,구름 조금,304,536,840
2016-02-06,토,1,맑음,"1,082",976,"2,058"
2016-02-07,일,1,맑음,"1,452",676,"2,128"
2016-02-08,월,1,구름 많음,"2,654",567,"3,221"
2016-02-09,화,1,맑음,"5,453","1,607","7,060"
2016-02-10,수,1,맑음,"7,080","2,869","9,949"
2016-02-11,목,0,구름 많음,"2,077","1,021","3,098"
2016-02-12,금,0,비,97,260,357
2016-02-13,토,1,흐림,"1,609","1,133","2,742"
2016-02-14,일,1,흐림,"1,053",989,"2,042"
2016-02-15,월,0,맑음,250,446,696
2016-02-16,화,0,구름 많음,235,759,994
2016-02-17,수,0,맑음,579,850,"1,429"
2016-02-18,목,0,구름 많음,698,924,"1,622"
2016-02-19,금,0,구름 많음,737,893,"1,630"
2016-02-20,토,1,구름 조금,"4,718","1,908","6,626"
2016-02-21,일,1,맑음,"3,507","1,595","5,102"
2016-02-22,월,0,흐림,693,705,"1,398"
2016-02-23,화,0,구름 많음,815,911,"1,726"
2016-02-24,수,0,맑음,542,791,"1,333"
2016-02-25,목,0,구름 조금,723,815,"1,538"
2016-02-26,금,0,구름 조금,"1,375","1,144","2,519"
2016-02-27,토,1,구름 많음,"4,798","1,721","6,519"
2016-02-28,일,1,구름 많음,"3,366","1,604","4,970"
2016-02-29,월,0,구름 조금,674,559,"1,233"
2016-03-01,화,1,맑음,"2,937","1,570","4,507"
2016-03-02,수,0,구름 조금,"1,171",975,"2,146"
2016-03-03,목,0,흐림,733,"1,050","1,783"
2016-03-04,금,0,흐림,"1,629","1,154","2,783"
2016-03-05,토,1,흐림,568,837,"1,405"
2016-03-06,일,1,구름 많음,"8,797","2,767","11,564"
2016-03-07,월,0,구름 많음,705,775,"1,480"
2016-03-08,화,0,,"10,480","1,041","11,521"
2016-03-09,수,0,,393,862,"1,255"
2016-03-10,목,0,,294,890,"1,184"
2016-03-11,금,0,,"1,569",736,"2,305"
2016-03-12,토,1,흐림,"5,251","2,209","7,460"
2016-03-13,일,1,흐림,"4,557","1,795","6,352"
2016-03-14,월,0,구름 많음,"1,215","1,170","2,385"
2016-03-15,화,0,맑음,"1,238","1,303","2,541"
2016-03-16,수,0,구름 조금,"1,513","1,184","2,697"
2016-03-17,목,0,구름 조금,"1,342","1,187","2,529"
2016-03-18,금,0,흐림,"1,736","1,100","2,836"
2016-03-19,토,1,구름 조금,"26,448","6,683","33,131"
2016-03-20,일,1,구름 조금,"27,093","7,267","34,360"
2016-03-21,월,0,맑음,"2,358","1,179","3,537"
2016-03-22,화,0,구름 조금,"1,832","1,506","3,338"
2016-03-23,수,0,구름 조금,"1,553","1,234","2,787"
2016-03-24,목,0,맑음,"1,322","1,116","2,438"
2016-03-25,금,0,구름 조금,"1,999","1,292","3,291"
2016-03-26,토,1,맑음,"16,958","4,790","21,748"
2016-03-27,일,1,맑음,"23,610","6,879","30,489"
2016-03-28,월,0,맑음,"2,666","1,470","4,136"
2016-03-29,화,0,구름 많음,"1,133","1,115","2,248"
2016-03-30,수,0,구름 많음,"3,740","1,117","4,857"
2016-03-31,목,0,구름 많음,"3,174","1,584","4,758"
2016-04-01,금,0,맑음,"5,730","1,807","7,537"
2016-04-02,토,1,구름 조금,"31,407","6,380","37,787"
2016-04-03,일,1,흐림,"8,038","1,914","9,952"
2016-04-04,월,0,구름 조금,"4,515","2,298","6,813"
2016-04-05,화,0,맑음,"4,652","2,800","7,452"
2016-04-06,수,0,구름 조금,"5,973","3,059","9,032"
2016-04-07,목,0,비,"2,863","2,150","5,013"
2016-04-08,금,0,구름 조금,"7,731","3,639","11,370"
2016-04-09,토,1,구름 많음,"25,027","7,852","32,879"
2016-04-10,일,1,구름 많음,"26,912","6,227","33,139"
2016-04-11,월,0,맑음,"7,948","3,365","11,313"
2016-04-12,화,0,구름 많음,"7,146","4,882","12,028"
2016-04-13,수,1,비,"20,915","5,490","26,405"
2016-04-14,목,0,구름 많음,"4,129","2,950","7,079"
2016-04-15,금,0,맑음,"9,746","4,482","14,228"
2016-04-16,토,1,구름 많음,"10,410","3,744","14,154"
2016-04-17,일,1,구름 많음,"11,445","2,760","14,205"
2016-04-18,월,0,구름 조금,"3,322","2,540","5,862"
2016-04-19,화,0,구름 조금,"8,972","3,079","12,051"
2016-04-20,수,0,,"2,562","3,931","6,493"
2016-04-21,목,0,,"2,245","1,244","3,489"
2016-04-22,금,0,,"4,562","5,232","9,794"
2016-04-23,토,1,,"10,921","3,440","14,361"
2016-04-24,일,1,,"15,883","3,759","19,642"
2016-04-25,월,0,맑음,"16,616","3,363","19,979"
2016-04-26,화,0,,"6,999","4,100","11,099"
2016-04-27,수,0,구름 많음,"5,318","4,017","9,335"
2016-04-28,목,0,,"4,498","6,653","11,151"
2016-04-29,금,0,,"10,245","4,839","15,084"
2016-04-30,토,1,,"16,831","4,905","21,736"
2016-05-01,일,1,구름 조금,"25,630","5,660","31,290"
2016-05-02,월,0,구름 많음,"6,307","1,449","7,756"
2016-05-03,화,0,,400,354,754
2016-05-04,수,0,,"7,703","3,312","11,015"
2016-05-05,목,1,,"40,219","18,469","58,688"
2016-05-06,금,1,비,"6,211","1,951","8,162"
2016-05-07,토,1,,"20,749","5,863","26,612"
2016-05-08,일,1,구름 조금,"15,538","4,181","19,719"
2016-05-09,월,0,구름 많음,"4,644","2,239","6,883"
2016-05-10,화,0,,"1,456",802,"2,258"
2016-05-11,수,0,,"3,842","3,970","7,812"
2016-05-12,목,0,,"11,455","5,560","17,015"
2016-05-13,금,0,,"11,619","5,917","17,536"
2016-05-14,토,1,구름 조금,"27,074","6,805","33,879"
2016-05-15,일,1,구름 많음,"10,528","3,957","14,485"
2016-05-16,월,0,,"2,821","2,601","5,422"
2016-05-17,화,0,맑음,"4,086","4,337","8,423"
2016-05-18,수,0,,"3,373","4,194","7,567"
2016-05-19,목,0,맑음,"5,075","4,992","10,067"
2016-05-20,금,0,맑음,"17,709","6,267","23,976"
2016-05-21,토,1,,"18,569","5,556","24,125"
2016-05-22,일,1,,"14,802","4,381","19,183"
2016-05-23,월,0,,"3,040","2,767","5,807"
2016-05-24,화,0,,"3,466","1,377","4,843"
2016-05-25,수,0,구름 많음,"3,711","4,801","8,512"
2016-05-26,목,0,구름 많음,"5,834","5,175","11,009"
2016-05-27,금,0,,"8,394","4,980","13,374"
2016-05-28,토,1,,"21,874","8,131","30,005"
2016-05-29,일,1,흐림,"23,785","6,756","30,541"
2016-05-30,월,0,,"4,065","2,567","6,632"
2016-05-31,화,0,,"4,643","4,126","8,769"
2016-06-01,수,0,,"3,946","3,813","7,759"
2016-06-02,목,0,,"7,097","4,195","11,292"
2016-06-03,금,0,구름 조금,"9,236","3,641","12,877"
2016-06-04,토,1,,"26,790","7,012","33,802"
2016-06-05,일,1,구름 조금,"33,504","8,239","41,743"
2016-06-06,월,1,,"31,030","8,241","39,271"
2016-06-07,화,0,흐림,"4,116","3,217","7,333"
2016-06-08,수,0,구름 많음,"2,868","3,303","6,171"
2016-06-09,목,0,구름 조금,"2,569","2,945","5,514"
2016-06-10,금,0,,"4,809","3,201","8,010"
2016-06-11,토,1,,"12,106","3,678","15,784"
2016-06-12,일,1,,"10,813","3,293","14,106"
2016-06-13,월,0,,"1,967","1,917","3,884"
2016-06-14,화,0,,"1,512","2,135","3,647"
2016-06-15,수,0,,268,578,846
2016-06-16,목,0,,"2,560","2,012","4,572"
2016-06-17,금,0,,"2,166","2,313","4,479"
2016-06-18,토,1,,"10,133","3,805","13,938"
2016-06-19,일,1,,"9,586","3,353","12,939"
2016-06-20,월,0,,"2,865","1,526","4,391"
2016-06-21,화,0,,"1,230","1,537","2,767"
2016-06-22,수,0,,579,"1,031","1,610"
2016-06-23,목,0,,"1,792","1,872","3,664"
2016-06-24,금,0,,668,837,"1,505"
2016-06-25,토,1,구름 많음,"10,213","3,586","13,799"
2016-06-26,일,1,,"9,464","3,788","13,252"
2016-06-27,월,0,,"1,713","1,325","3,038"
2016-06-28,화,0,,"1,420","1,198","2,618"
2016-06-29,수,0,구름 많음,"1,318","1,120","2,438"
2016-06-30,목,0,비,"1,202","1,155","2,357"
2016-07-01,금,0,비,"2,000",712,"2,712"
2016-07-02,토,1,,"6,456","2,670","9,126"
2016-07-03,일,1,흐림,"8,052","2,791","10,843"
2016-07-04,월,0,비,205,472,677
2016-07-05,화,0,,73,182,255
2016-07-06,수,0,,984,859,"1,843"
2016-07-07,목,0,비,"1,044",991,"2,035"
2016-07-08,금,0,구름 조금,"1,645","1,453","3,098"
2016-07-09,토,1,구름 조금,"3,526","1,933","5,459"
2016-07-10,일,1,구름 많음,"3,137","1,551","4,688"
2016-07-11,월,0,구름 많음,721,866,"1,587"
2016-07-12,화,0,비,"10,735",953,"11,688"
2016-07-13,수,0,구름 많음,"3,116",941,"4,057"
2016-07-14,목,0,구름 많음,"1,098",999,"2,097"
2016-07-15,금,0,흐림,"2,188",924,"3,112"
2016-07-16,토,1,비,411,591,"1,002"
2016-07-17,일,1,흐림,"7,120","2,398","9,518"
2016-07-18,월,0,구름 많음,"1,672","1,181","2,853"
2016-07-19,화,0,구름 조금,"1,147","1,120","2,267"
2016-07-20,수,0,구름 많음,821,887,"1,708"
2016-07-21,목,0,구름 많음,925,914,"1,839"
2016-07-22,금,0,구름 많음,677,723,"1,400"
2016-07-23,토,1,흐림,"2,744","1,507","4,251"
2016-07-24,일,1,비,"3,152","1,476","4,628"
2016-07-25,월,0,구름 많음,"1,306",726,"2,032"
2016-07-26,화,0,구름 많음,"1,023",837,"1,860"
2016-07-27,수,0,비,816,646,"1,462"
2016-07-28,목,0,구름 많음,"1,523",860,"2,383"
2016-07-29,금,0,비,"4,763",477,"5,240"
2016-07-30,토,1,비,"4,445","1,647","6,092"
2016-07-31,일,1,구름 많음,"3,836","1,319","5,155"
2016-08-01,월,0,비,"3,255","1,195","4,450"
2016-08-02,화,0,흐림,"3,117","1,242","4,359"
2016-08-03,수,0,구름 많음,"1,919","1,099","3,018"
2016-08-04,목,0,구름 조금,"1,148",535,"1,683"
2016-08-05,금,0,구름 조금,"1,219",547,"1,766"
2016-08-06,토,1,구름 많음,"2,027","1,002","3,029"
2016-08-07,일,1,구름 많음,"1,690",896,"2,586"
2016-08-08,월,0,구름 많음,657,461,"1,118"
2016-08-09,화,0,구름 많음,637,551,"1,188"
2016-08-10,수,0,구름 많음,628,570,"1,198"
2016-08-11,목,0,구름 조금,642,464,"1,106"
2016-08-12,금,0,구름 조금,715,507,"1,222"
2016-08-13,토,1,구름 많음,"2,176","1,001","3,177"
2016-08-14,일,1,비,"4,961","1,198","6,159"
2016-08-15,월,1,구름 많음,"3,300",956,"4,256"
2016-08-16,화,0,구름 많음,910,518,"1,428"
2016-08-17,수,0,구름 조금,922,532,"1,454"
2016-08-18,목,0,구름 많음,"10,774",585,"11,359"
2016-08-19,금,0,구름 많음,"4,702",643,"5,345"
2016-08-20,토,1,구름 많음,"4,039","1,429","5,468"
2016-08-21,일,1,구름 많음,"3,086","1,343","4,429"
2016-08-22,월,0,구름 많음,592,496,"1,088"
2016-08-23,화,0,비,534,612,"1,146"
2016-08-24,수,0,구름 많음,623,713,"1,336"
2016-08-25,목,0,구름 많음,591,698,"1,289"
2016-08-26,금,0,구름 많음,"1,532","1,043","2,575"
2016-08-27,토,1,구름 조금,"15,075","3,960","19,035"
2016-08-28,일,1,구름 많음,"13,758","4,460","18,218"
2016-08-29,월,0,구름 많음,"2,472","1,164","3,636"
2016-08-30,화,0,흐림,"2,102","1,280","3,382"
2016-08-31,수,0,비,"20,396",294,"20,690"
2016-09-01,목,0,비,"1,354","1,371","2,725"
2016-09-02,금,0,구름 많음,"1,809","1,075","2,884"
2016-09-03,토,1,흐림,"14,477","5,503","19,980"
2016-09-04,일,1,구름 많음,"15,554","4,261","19,815"
2016-09-05,월,0,구름 많음,"1,693","1,091","2,784"
2016-09-06,화,0,구름 많음,"1,347","1,459","2,806"
2016-09-07,수,0,구름 많음,"1,426","1,142","2,568"
2016-09-08,목,0,비,786,931,"1,717"
2016-09-09,금,0,구름 많음,"7,616","1,249","8,865"
2016-09-10,토,1,구름 많음,"11,978","4,088","16,066"
2016-09-11,일,1,구름 많음,"14,362","5,156","19,518"
2016-09-12,월,0,구름 많음,"2,104",872,"2,976"
2016-09-13,화,0,구름 많음,"3,060","1,303","4,363"
2016-09-14,수,1,비,"9,390","2,322","11,712"
2016-09-15,목,1,구름 조금,"14,638","3,303","17,941"
2016-09-16,금,1,구름 많음,"25,123","7,596","32,719"
2016-09-17,토,1,구름 많음,"15,467","4,453","19,920"
2016-09-18,일,1,구름 많음,"16,059","5,501","21,560"
2016-09-19,월,0,구름 많음,"2,046","1,314","3,360"
2016-09-20,화,0,맑음,"2,211","2,236","4,447"
2016-09-21,수,0,구름 많음,"1,679","2,146","3,825"
2016-09-22,목,0,구름 조금,"2,098","2,467","4,565"
2016-09-23,금,0,맑음,"2,677","3,032","5,709"
2016-09-24,토,1,구름 조금,"16,891","6,656","23,547"
2016-09-25,일,1,구름 많음,"16,647","4,513","21,160"
2016-09-26,월,0,구름 많음,"2,048","1,665","3,713"
2016-09-27,화,0,비,610,873,"1,483"
2016-09-28,수,0,구름 많음,"1,343","2,683","4,026"
2016-09-29,목,0,구름 많음,"2,462","3,124","5,586"
2016-09-30,금,0,구름 많음,"4,248","3,624","7,872"
2016-10-01,토,1,구름 많음,"20,582","7,112","27,694"
2016-10-02,일,1,비,"1,057",800,"1,857"
2016-10-03,월,1,구름 조금,"22,425","8,334","30,759"
2016-10-04,화,0,맑음,"14,651","2,574","17,225"
2016-10-05,수,0,구름 조금,"3,210","1,694","4,904"
2016-10-06,목,0,구름 조금,"5,279","3,499","8,778"
2016-10-07,금,0,구름 많음,"4,705","3,960","8,665"
2016-10-08,토,1,흐림,"12,426","4,062","16,488"
2016-10-09,일,1,맑음,"17,453","5,593","23,046"
2016-10-10,월,0,구름 조금,"2,942","1,671","4,613"
2016-10-11,화,0,,"5,632","3,762","9,394"
2016-10-12,수,0,구름 조금,"3,085","2,800","5,885"
2016-10-13,목,0,구름 조금,"4,628","4,050","8,678"
2016-10-14,금,0,맑음,"7,026","4,857","11,883"
2016-10-15,토,1,구름 조금,"17,467","6,117","23,584"
2016-10-16,일,1,흐림,"6,207","2,299","8,506"
2016-10-17,월,0,구름 많음,"3,050","2,024","5,074"
2016-10-18,화,0,구름 조금,"4,610","3,614","8,224"
2016-10-19,수,0,,"5,019","3,662","8,681"
2016-10-20,목,0,,"4,826","3,269","8,095"
2016-10-21,금,0,구름 많음,"7,154","4,145","11,299"
2016-10-22,토,1,흐림,"21,903","6,398","28,301"
2016-10-23,일,1,구름 많음,"11,437","2,990","14,427"
2016-10-24,월,0,구름 조금,"6,374","2,003","8,377"
2016-10-25,화,0,구름 많음,"1,818",773,"2,591"
2016-10-26,수,0,구름 많음,"3,228","3,656","6,884"
2016-10-27,목,0,구름 많음,"4,293","3,008","7,301"
2016-10-28,금,0,흐림,"4,337","2,201","6,538"
2016-10-29,토,1,구름 많음,"11,549","3,797","15,346"
2016-10-30,일,1,맑음,"13,506","4,200","17,706"
2016-10-31,월,0,흐림,"1,135",961,"2,096"
2016-11-01,화,0,맑음,873,"1,432","2,305"
2016-11-02,수,0,구름 조금,"5,957","1,563","7,520"
2016-11-03,목,0,구름 조금,"1,647","1,607","3,254"
2016-11-04,금,0,구름 많음,"2,856","1,978","4,834"
2016-11-05,토,1,구름 많음,"10,504","3,876","14,380"
2016-11-06,일,1,구름 많음,"14,490","5,039","19,529"
2016-11-07,월,0,흐림,"4,459","1,276","5,735"
2016-11-08,화,0,맑음,"1,070","1,500","2,570"
2016-11-09,수,0,맑음,"1,263","1,367","2,630"
2016-11-10,목,0,흐림,620,"1,308","1,928"
2016-11-11,금,0,구름 조금,"2,184","1,478","3,662"
2016-11-12,토,1,흐림,"10,483","3,442","13,925"
2016-11-13,일,1,구름 많음,"10,405","3,002","13,407"
2016-11-14,월,0,비,924,895,"1,819"
2016-11-15,화,0,맑음,919,"1,286","2,205"
2016-11-16,수,0,구름 조금,880,"1,139","2,019"
2016-11-17,목,0,,"2,051","1,429","3,480"
2016-11-18,금,0,,"1,336","1,020","2,356"
2016-11-19,토,1,,"7,068","2,868","9,936"
2016-11-20,일,1,,"21,101","3,287","24,388"
2016-11-21,월,0,구름 많음,"1,092","1,139","2,231"
2016-11-22,화,0,구름 조금,420,"1,013","1,433"
2016-11-23,수,0,구름 조금,265,756,"1,021"
2016-11-24,목,0,맑음,176,705,881
2016-11-25,금,0,구름 조금,985,832,"1,817"
2016-11-26,토,1,눈/비,"1,052","1,273","2,325"
2016-11-27,일,1,구름 조금,"2,296","1,519","3,815"
2016-11-28,월,0,맑음,451,729,"1,180"
2016-11-29,화,0,맑음,383,854,"1,237"
2016-11-30,수,0,흐림,302,676,978
2016-12-01,목,0,맑음,654,829,"1,483"
2016-12-02,금,0,맑음,405,819,"1,224"
2016-12-03,토,1,구름 조금,"3,750","1,955","5,705"
2016-12-04,일,1,흐림,"2,748","1,612","4,360"
2016-12-05,월,0,구름 많음,283,669,952
2016-12-06,화,0,맑음,249,748,997
2016-12-07,수,0,구름 조금,477,837,"1,314"
2016-12-08,목,0,흐림,269,821,"1,090"
2016-12-09,금,0,맑음,464,781,"1,245"
2016-12-10,토,1,맑음,"1,323","1,063","2,386"
2016-12-11,일,1,맑음,"1,877","1,345","3,222"
2016-12-12,월,0,구름 많음,384,659,"1,043"
2016-12-13,화,0,,349,963,"1,312"
2016-12-14,수,0,,251,679,930
2016-12-15,목,0,,123,575,698
2016-12-16,금,0,구름 조금,155,410,565
2016-12-17,토,1,구름 많음,"1,301","1,102","2,403"
2017-03-28,화,0,구름 많음,0,2,2
2017-03-29,수,0,구름 조금,0,7,7
2017-03-30,목,0,구름 조금,"1,302","1,067","2,369"
2017-03-31,금,0,비,727,572,"1,299"
2017-04-01,토,1,비,"13,317","3,753","17,070"
2017-04-02,일,1,맑음,"22,166","10,291","32,457"
2017-04-03,월,0,맑음,"1,960","1,072","3,032"
2017-04-04,화,0,구름 조금,"2,199","1,377","3,576"
2017-04-05,수,0,비,459,608,"1,067"
2017-04-06,목,0,흐림,702,901,"1,603"
2017-04-07,금,0,구름 조금,"4,388","1,860","6,248"
2017-04-08,토,1,구름 조금,"28,514","12,373","40,887"
2017-04-09,일,1,구름 많음,"28,496","10,863","39,359"
2017-04-10,월,0,구름 조금,"5,293","2,296","7,589"
2017-04-11,화,0,구름 조금,"4,001","3,034","7,035"
2017-04-12,수,0,맑음,"4,315","3,223","7,538"
2017-04-13,목,0,구름 많음,"4,117","3,610","7,727"
2017-04-14,금,0,비,"1,811","1,247","3,058"
2017-04-15,토,1,구름 조금,"24,079","7,668","31,747"
2017-04-16,일,1,구름 많음,"27,413","9,706","37,119"
2017-04-17,월,0,비,"1,423",623,"2,046"
2017-04-18,화,0,비,"1,167","1,697","2,864"
2017-04-19,수,0,구름 조금,"14,960","2,949","17,909"
2017-04-20,목,0,흐림,"1,628","1,802","3,430"
2017-04-21,금,0,구름 많음,"4,057","3,208","7,265"
2017-04-22,토,1,구름 조금,"22,402","8,396","30,798"
2017-04-23,일,1,맑음,"25,108","15,008","40,116"
2017-04-24,월,0,구름 많음,"3,603","2,423","6,026"
2017-04-25,화,0,흐림,"2,604","3,056","5,660"
2017-04-26,수,0,맑음,"3,457","3,918","7,375"
2017-04-27,목,0,구름 조금,"3,364","4,277","7,641"
2017-04-28,금,0,구름 조금,"5,319","4,214","9,533"
2017-04-29,토,1,맑음,"16,398","5,083","21,481"
2017-04-30,일,1,구름 조금,"20,115","6,481","26,596"
2017-05-01,월,0,맑음,"18,113","5,023","23,136"
2017-05-02,화,0,맑음,"11,328","2,610","13,938"
2017-05-03,수,1,맑음,"24,428","6,570","30,998"
2017-05-04,목,0,구름 많음,"15,879","9,406","25,285"
2017-05-05,금,1,구름 조금,"27,046","19,218","46,264"
2017-05-06,토,1,맑음,"7,559","2,356","9,915"
2017-05-07,일,1,맑음,"5,724","1,906","7,630"
2017-05-08,월,0,구름 많음,"2,790","1,086","3,876"
2017-05-09,화,0,흐림,"2,687","1,310","3,997"
2017-05-10,수,0,구름 많음,"2,247","2,338","4,585"
2017-05-11,목,0,구름 많음,"2,853","2,961","5,814"
2017-05-12,금,0,구름 많음,"16,618","2,223","18,841"
2017-05-13,토,1,비,"5,183","2,725","7,908"
2017-05-14,일,1,맑음,"25,187","6,194","31,381"
2017-05-15,월,0,구름 많음,"3,954","2,470","6,424"
2017-05-16,화,0,구름 많음,"2,622","3,612","6,234"
2017-05-17,수,0,구름 조금,"2,719","3,811","6,530"
2017-05-18,목,0,맑음,"3,769","4,693","8,462"
2017-05-19,금,0,맑음,"7,041","5,264","12,305"
2017-05-20,토,1,구름 조금,"17,221","5,751","22,972"
2017-05-21,일,1,맑음,"18,981","5,727","24,708"
2017-05-22,월,0,구름 조금,"2,569","2,307","4,876"
2017-05-23,화,0,흐림,"2,241","3,143","5,384"
2017-05-24,수,0,구름 조금,"3,514","2,824","6,338"
2017-05-25,목,0,구름 많음,"3,486","4,356","7,842"
2017-05-26,금,0,맑음,"6,869","5,818","12,687"
2017-05-27,토,1,맑음,"26,602","7,193","33,795"
2017-05-28,일,1,맑음,"28,606","10,589","39,195"
2017-05-29,월,0,맑음,"4,129","3,138","7,267"
2017-05-30,화,0,구름 많음,"4,837","3,988","8,825"
2017-05-31,수,0,흐림,"3,635","3,201","6,836"
2017-06-01,목,0,비,"4,851","4,339","9,190"
2017-06-02,금,0,구름 조금,"6,839","4,076","10,915"
2017-06-03,토,1,맑음,"23,443","9,796","33,239"
2017-06-04,일,1,맑음,"25,815","10,475","36,290"
2017-06-05,월,0,구름 조금,"14,277","4,315","18,592"
2017-06-06,화,1,흐림,"15,290","7,312","22,602"
2017-06-07,수,0,흐림,978,893,"1,871"
2017-06-08,목,0,맑음,"20,092","3,289","23,381"
2017-06-09,금,0,구름 많음,"13,047","2,465","15,512"
2017-06-10,토,1,구름 많음,"16,544","4,957","21,501"
2017-06-11,일,1,맑음,"17,348","6,150","23,498"
2017-06-12,월,0,구름 많음,"1,869","1,720","3,589"
2017-06-13,화,0,비,"1,404","2,511","3,915"
2017-06-14,수,0,맑음,"1,653","2,493","4,146"
2017-06-15,목,0,맑음,"4,710","2,281","6,991"
2017-06-16,금,0,구름 많음,"1,414","1,893","3,307"
2017-06-17,토,1,맑음,"7,092","3,132","10,224"
2017-06-18,일,1,구름 조금,"6,269","2,378","8,647"
2017-06-19,월,0,구름 조금,"1,063","1,100","2,163"
2017-06-20,화,0,구름 많음,939,"1,591","2,530"
2017-06-21,수,0,구름 조금,918,"1,283","2,201"
2017-06-22,목,0,구름 조금,"11,650","1,285","12,935"
2017-06-23,금,0,구름 조금,906,"1,216","2,122"
2017-06-24,토,1,구름 많음,"4,215","1,987","6,202"
2017-06-25,일,1,흐림,"4,309","1,854","6,163"
2017-06-26,월,0,비,609,663,"1,272"
2017-06-27,화,0,구름 많음,939,"1,304","2,243"
2017-06-28,수,0,구름 많음,862,"1,251","2,113"
2017-06-29,목,0,구름 많음,904,"1,216","2,120"
2017-06-30,금,0,구름 많음,"1,002","1,101","2,103"
2017-07-01,토,1,흐림,"5,728","2,080","7,808"
2017-07-02,일,1,비,725,718,"1,443"
2017-07-03,월,0,비,313,494,807
2017-07-04,화,0,구름 많음,891,824,"1,715"
2017-07-05,수,0,구름 많음,600,749,"1,349"
2017-07-06,목,0,구름 많음,611,640,"1,251"
2017-07-07,금,0,비,330,540,870
2017-07-08,토,1,흐림,955,745,"1,700"
2017-07-09,일,1,비,"2,218","1,222","3,440"
2017-07-10,월,0,비,73,265,338
2017-07-11,화,0,비,591,889,"1,480"
2017-07-12,수,0,구름 조금,859,738,"1,597"
2017-07-13,목,0,구름 조금,536,640,"1,176"
2017-07-14,금,0,구름 많음,654,695,"1,349"
2017-07-15,토,1,비,"1,007",928,"1,935"
2017-07-16,일,1,흐림,"3,254","1,335","4,589"
2017-07-17,월,0,비,567,621,"1,188"
2017-07-18,화,0,구름 많음,692,766,"1,458"
2017-07-19,수,0,구름 많음,537,643,"1,180"
2017-07-20,목,0,구름 많음,395,536,931
2017-07-21,금,0,구름 많음,595,481,"1,076"
2017-07-22,토,1,흐림,"1,437","1,064","2,501"
2017-07-23,일,1,비,357,339,696
2017-07-24,월,0,비,304,392,696
2017-07-25,화,0,흐림,602,716,"1,318"
2017-07-26,수,0,구름 조금,701,566,"1,267"
2017-07-27,목,0,구름 많음,"10,159",730,"10,889"
2017-07-28,금,0,비,403,369,772
2017-07-29,토,1,흐림,"4,360","1,474","5,834"
2017-07-30,일,1,흐림,"4,426","1,335","5,761"
2017-07-31,월,0,비,"1,409",362,"1,771"
2017-08-01,화,0,구름 많음,"2,562","1,370","3,932"
2017-08-02,수,0,비,"1,320",656,"1,976"
2017-08-03,목,0,구름 조금,"1,301",622,"1,923"
2017-08-04,금,0,구름 조금,"1,638",526,"2,164"
2017-08-05,토,1,구름 많음,"1,879",866,"2,745"
2017-08-06,일,1,비,"1,506",844,"2,350"
2017-08-07,월,0,비,725,511,"1,236"
2017-08-08,화,0,구름 많음,867,637,"1,504"
2017-08-09,수,0,구름 많음,991,610,"1,601"
2017-08-10,목,0,비,481,462,943
2017-08-11,금,0,구름 많음,"1,234",669,"1,903"
2017-08-12,토,1,구름 조금,"4,749","1,647","6,396"
2017-08-13,일,1,구름 많음,"7,791","2,580","10,371"
2017-08-14,월,0,흐림,"1,133",714,"1,847"
2017-08-15,화,1,비,409,422,831
2017-08-16,수,0,흐림,"1,304",707,"2,011"
2017-08-17,목,0,비,"1,011",872,"1,883"
2017-08-18,금,0,비,"1,701","1,072","2,773"
2017-08-19,토,1,흐림,"7,960","2,715","10,675"
2017-08-20,일,1,비,948,505,"1,453"
2017-08-21,월,0,비,"3,763",629,"4,392"
2017-08-22,화,0,구름 많음,"1,434",979,"2,413"
2017-08-23,수,0,비,345,379,724
2017-08-24,목,0,비,162,410,572
2017-08-25,금,0,구름 조금,"1,351",933,"2,284"
2017-08-26,토,1,구름 조금,"11,083","3,391","14,474"
2017-08-27,일,1,흐림,"12,944","3,854","16,798"
2017-08-28,월,0,비,760,709,"1,469"
2017-08-29,화,0,구름 많음,"2,016","1,420","3,436"
2017-08-30,수,0,구름 많음,"1,677","1,183","2,860"
2017-08-31,목,0,맑음,"1,872","1,345","3,217"
2017-09-01,금,0,구름 조금,"2,139","1,290","3,429"
2017-09-02,토,1,맑음,"17,375","5,938","23,313"
2017-09-03,일,1,구름 조금,"17,551","6,440","23,991"
2017-09-04,월,0,구름 조금,"1,740","1,171","2,911"
2017-09-05,화,0,흐림,"1,008","1,176","2,184"
2017-09-06,수,0,흐림,877,926,"1,803"
2017-09-07,목,0,구름 많음,"2,517","1,936","4,453"
2017-09-08,금,0,맑음,"2,637","1,539","4,176"
2017-09-09,토,1,구름 조금,"12,034","5,269","17,303"
2017-09-10,일,1,흐림,"12,394","4,135","16,529"
2017-09-11,월,0,흐림,"10,287",669,"10,956"
2017-09-12,화,0,맑음,"1,932","1,868","3,800"
2017-09-13,수,0,맑음,"1,767","2,108","3,875"
2017-09-14,목,0,맑음,"1,529","1,480","3,009"
2017-09-15,금,0,구름 많음,"2,972","2,743","5,715"
2017-09-16,토,1,구름 많음,"16,130","4,751","20,881"
2017-09-17,일,1,구름 조금,"16,453","5,246","21,699"
2017-09-18,월,0,구름 조금,"2,329","1,867","4,196"
2017-09-19,화,0,비,756,"1,557","2,313"
2017-09-20,수,0,맑음,"4,111","2,038","6,149"
2017-09-21,목,0,맑음,"1,920","2,880","4,800"
2017-09-22,금,0,구름 조금,"3,324","3,959","7,283"
2017-09-23,토,1,구름 조금,"11,369","6,146","17,515"
2017-09-24,일,1,구름 조금,"10,563","3,957","14,520"
2017-09-25,월,0,구름 조금,"1,430","1,092","2,522"
2017-09-26,화,0,구름 많음,"1,513","2,067","3,580"
2017-09-27,수,0,,"1,315","1,179","2,494"
2017-09-28,목,0,,"2,089","1,942","4,031"
2017-09-29,금,0,,"4,760","1,778","6,538"
2017-09-30,토,1,,"9,835","2,877","12,712"
2017-10-01,일,1,,"4,305","2,108","6,413"
2017-10-02,월,0,,"16,443","4,944","21,387"
2017-10-03,화,1,,"12,770","3,719","16,489"
2017-10-04,수,1,,"15,332","3,888","19,220"
2017-10-05,목,1,,"24,914","7,662","32,576"
2017-10-06,금,1,,"15,135","5,813","20,948"
2017-10-07,토,1,,"23,018","9,073","32,091"
2017-10-08,일,1,구름 많음,"21,692","7,559","29,251"
2017-10-09,월,1,구름 조금,"15,519","5,655","21,174"
2017-10-10,화,0,흐림,"1,014","1,290","2,304"
2017-10-11,수,0,구름 많음,"1,299",808,"2,107"
2017-10-12,목,0,흐림,"1,985","1,917","3,902"
2017-10-13,금,0,맑음,"3,044","3,359","6,403"
2017-10-14,토,1,구름 조금,"12,728","4,257","16,985"
2017-10-15,일,1,구름 조금,"15,009","4,648","19,657"
2017-10-16,월,0,구름 많음,"4,806","1,900","6,706"
2017-10-17,화,0,구름 조금,"10,451","3,581","14,032"
2017-10-18,수,0,흐림,"2,442","2,565","5,007"
2017-10-19,목,0,구름 조금,"2,871","3,044","5,915"
2017-10-20,금,0,맑음,"6,030","4,345","10,375"
2017-10-21,토,1,맑음,"16,596","6,062","22,658"
2017-10-22,일,1,구름 많음,"20,970","4,103","25,073"
2017-10-23,월,0,구름 조금,"2,373","2,172","4,545"
2017-10-24,화,0,구름 조금,"16,818","2,636","19,454"
2017-10-25,수,0,맑음,"2,360","2,265","4,625"
2017-10-26,목,0,구름 많음,"2,587","2,536","5,123"
2017-10-27,금,0,맑음,"5,139","3,292","8,431"
2017-10-28,토,1,맑음,"19,418","7,461","26,879"
2017-10-29,일,1,맑음,"15,050","4,464","19,514"
2017-10-30,월,0,맑음,"1,986","1,352","3,338"
2017-10-31,화,0,구름 조금,"4,073","1,695","5,768"
2017-11-01,수,0,구름 많음,"1,782","1,581","3,363"
2017-11-02,목,0,비,"1,170","1,499","2,669"
2017-11-03,금,0,구름 조금,"2,290",866,"3,156"
2017-11-04,토,1,맑음,"8,665","3,422","12,087"
2017-11-05,일,1,구름 많음,"10,026","2,736","12,762"
2017-11-06,월,0,구름 많음,"1,580","1,760","3,340"
2017-11-07,화,0,구름 많음,"1,857","1,637","3,494"
2017-11-08,수,0,맑음,"1,272","1,381","2,653"
2017-11-09,목,0,맑음,"1,428","1,661","3,089"
2017-11-10,금,0,비,"1,106","1,247","2,353"
2017-11-11,토,1,맑음,"6,091","1,917","8,008"
2017-11-12,일,1,구름 조금,"7,128","2,184","9,312"
2017-11-13,월,0,흐림,606,"1,005","1,611"
2017-11-14,화,0,구름 조금,853,"1,150","2,003"
2017-11-15,수,0,구름 조금,485,919,"1,404"
2017-11-16,목,0,구름 조금,476,769,"1,245"
2017-11-17,금,0,비,692,696,"1,388"
2017-11-18,토,1,맑음,"1,637","1,122","2,759"
2017-11-19,일,1,맑음,"1,082",836,"1,918"
2017-11-20,월,0,구름 많음,260,597,857
2017-11-21,화,0,맑음,709,872,"1,581"
2017-11-22,수,0,맑음,455,586,"1,041"
2017-11-23,목,0,흐림,"1,315",612,"1,927"
2017-11-24,금,0,구름 많음,203,544,747
2017-11-25,토,1,비,468,916,"1,384"
2017-11-26,일,1,구름 조금,"1,600",887,"2,487"
2017-11-27,월,0,,342,730,"1,072"
2017-11-28,화,0,,302,837,"1,139"
2017-11-29,수,0,,191,604,795
2017-11-30,목,0,맑음,"10,638",680,"11,318"
2017-12-01,금,0,구름 많음,213,505,718
2017-12-02,토,1,구름 많음,"1,133","1,035","2,168"
2017-12-03,일,1,흐림,"1,120",871,"1,991"
2017-12-04,월,0,구름 조금,161,558,719
2017-12-05,화,0,흐림,169,461,630
2017-12-06,수,0,흐림,109,612,721
2017-12-07,목,0,구름 조금,199,712,911
2017-12-08,금,0,맑음,149,494,643
2017-12-09,토,1,구름 많음,776,"1,016","1,792"
2017-12-10,일,1,비,419,605,"1,024"
2017-12-11,월,0,,71,408,479
2017-12-12,화,0,맑음,85,239,324
2017-12-13,수,0,맑음,86,376,462
2017-12-14,목,0,구름 많음,319,442,761
2017-12-15,금,0,흐림,145,482,627
2017-12-16,토,1,구름 조금,371,835,"1,206"
2017-12-17,일,1,구름 조금,442,554,996
2017-12-18,월,0,구름 많음,103,317,420
2017-12-19,화,0,맑음,165,492,657
2017-12-20,수,1,눈,"2,509",476,"2,985"
2017-12-21,목,0,맑음,132,521,653
2017-12-22,금,0,구름 많음,209,595,804
2017-12-23,토,1,흐림,912,998,"1,910"
2017-12-24,일,1,눈/비,144,259,403
2017-12-25,월,1,맑음,"1,502",526,"2,028"
2017-12-26,화,0,맑음,200,572,772
2017-12-27,수,0,맑음,129,359,488
2017-12-28,목,0,흐림,197,581,778
2017-12-29,금,0,구름 많음,345,508,853
2017-12-30,토,1,눈,709,811,"1,520"
2017-12-31,일,1,맑음,"1,274",594,"1,868"
2018-01-01,월,1,맑음,"1,688",628,"2,316"
2018-01-02,화,0,구름 조금,403,585,988
2018-01-03,수,0,구름 조금,192,502,694
2018-01-04,목,0,흐림,165,506,671
2018-01-05,금,0,구름 조금,189,569,758
2018-01-06,토,1,맑음,968,967,"1,935"
2018-01-07,일,1,흐림,922,959,"1,881"
2018-01-08,월,0,흐림,193,441,634
2018-01-09,화,0,구름 많음,115,408,523
2018-01-10,수,0,구름 조금,70,312,382
2018-01-11,목,0,맑음,43,269,312
2018-01-12,금,0,맑음,52,176,228
2018-01-13,토,1,맑음,350,665,"1,015"
2018-01-14,일,1,구름 많음,839,815,"1,654"
2018-01-15,월,0,구름 조금,225,420,645
2018-01-16,화,0,비,150,549,699
2018-01-17,수,0,구름 조금,196,435,631
2018-01-18,목,0,구름 많음,989,514,"1,503"
2018-01-19,금,0,맑음,334,584,918
2018-01-20,토,1,구름 조금,"1,138",945,"2,083"
2018-01-21,일,1,구름 많음,"1,234",889,"2,123"
2018-01-22,월,0,눈,311,541,852
2018-01-23,화,0,맑음,67,296,363
2018-01-24,수,0,맑음,18,110,128
2018-01-25,목,0,맑음,23,139,162
2018-01-26,금,0,맑음,50,172,222
2018-01-27,토,1,구름 조금,247,408,655
2018-01-28,일,1,구름 조금,457,505,962
2018-01-29,월,0,맑음,87,322,409
2018-01-30,화,0,구름 많음,"9,203",457,"9,660"
2018-01-31,수,0,구름 많음,151,434,585
2018-02-01,목,0,맑음,194,485,679
2018-02-02,금,0,구름 많음,152,552,704
2018-02-03,토,1,구름 조금,415,634,"1,049"
2018-02-04,일,1,맑음,281,509,790
2018-02-05,월,0,맑음,66,282,348
2018-02-06,화,0,구름 조금,60,309,369
2018-02-07,수,0,구름 많음,78,340,418
2018-02-08,목,0,맑음,177,547,724
2018-02-09,금,0,,172,485,657
2018-02-10,토,1,,907,954,"1,861"
2018-02-11,일,1,눈,544,615,"1,159"
2018-02-12,월,0,구름 많음,120,379,499
2018-02-13,화,0,맑음,195,530,725
2018-02-14,수,0,,354,456,810
2018-02-15,목,1,구름 조금,"1,193",572,"1,765"
2018-02-16,금,1,맑음,"2,331",676,"3,007"
2018-02-17,토,1,맑음,"2,617",973,"3,590"
2018-02-18,일,1,구름 많음,"2,111","1,259","3,370"
2018-02-19,월,0,구름 많음,767,791,"1,558"
2018-02-20,화,0,구름 조금,561,682,"1,243"
2018-02-21,수,0,구름 조금,465,704,"1,169"
2018-02-22,목,0,구름 많음,562,786,"1,348"
2018-02-23,금,0,구름 조금,490,589,"1,079"
2018-02-24,토,1,구름 많음,"2,125","1,237","3,362"
2018-02-25,일,1,맑음,"4,517","1,622","6,139"
2018-02-26,월,0,구름 조금,"1,417",835,"2,252"
2018-02-27,화,0,흐림,769,748,"1,517"
2018-02-28,수,0,비,168,458,626
2018-03-01,목,1,맑음,"2,320",970,"3,290"
2018-03-02,금,0,맑음,712,788,"1,500"
2018-03-03,토,1,구름 많음,"10,711","3,829","14,540"
2018-03-04,일,1,흐림,"2,268","1,351","3,619"
2018-03-05,월,0,구름 조금,546,503,"1,049"
2018-03-06,화,0,구름 조금,739,"1,012","1,751"
2018-03-07,수,0,구름 많음,583,851,"1,434"
2018-03-08,목,0,흐림,139,465,604
2018-03-09,금,0,구름 조금,495,871,"1,366"
2018-03-10,토,1,구름 조금,"7,513","3,210","10,723"
2018-03-11,일,1,구름 조금,"11,235","3,277","14,512"
2018-03-12,월,0,맑음,818,737,"1,555"
2018-03-13,화,0,구름 조금,889,930,"1,819"
2018-03-14,수,0,구름 조금,"1,872","1,160","3,032"
2018-03-15,목,0,비,82,308,390
2018-03-16,금,0,맑음,"1,118",983,"2,101"
2018-03-17,토,1,구름 많음,"17,044","4,667","21,711"
2018-03-18,일,1,흐림,"8,256","3,084","11,340"
2018-03-19,월,0,구름 조금,295,490,785
2018-03-20,화,0,구름 많음,377,851,"1,228"
2018-03-21,수,0,눈,"1,673",511,"2,184"
2018-03-22,목,0,맑음,603,956,"1,559"
2018-03-23,금,0,구름 조금,"1,002",920,"1,922"
2018-03-24,토,1,구름 조금,"6,364","2,054","8,418"
2018-03-25,일,1,맑음,"5,576","1,758","7,334"
2018-03-26,월,0,맑음,621,606,"1,227"
2018-03-27,화,0,구름 조금,560,737,"1,297"
2018-03-28,수,0,구름 조금,964,866,"1,830"
2018-03-29,목,0,구름 조금,725,863,"1,588"
2018-03-30,금,0,맑음,"2,395","1,275","3,670"
2018-03-31,토,1,구름 조금,"17,894","6,715","24,609"
2018-04-01,일,1,흐림,"10,899","4,222","15,121"
2018-04-02,월,0,,"1,818",967,"2,785"
2018-04-03,화,0,,"2,140","1,549","3,689"
2018-04-04,수,0,,"1,585",990,"2,575"
2018-04-05,목,0,,559,433,992
2018-04-06,금,0,구름 많음,"2,933",987,"3,920"
2018-04-07,토,1,구름 많음,"9,469","3,272","12,741"
2018-04-08,일,1,흐림,"9,341","3,342","12,683"
2018-04-09,월,0,구름 조금,"3,844","1,931","5,775"
2018-04-10,화,0,구름 많음,"3,726","3,510","7,236"
2018-04-11,수,0,맑음,"2,229","1,955","4,184"
2018-04-12,목,0,맑음,"4,025","3,239","7,264"
2018-04-13,금,0,구름 많음,"5,380","3,314","8,694"
2018-04-14,토,1,흐림,"1,075","1,022","2,097"
2018-04-15,일,1,구름 조금,"16,642","4,713","21,355"
2018-04-16,월,0,구름 조금,"3,299","2,181","5,480"
2018-04-17,화,0,맑음,"2,530","2,634","5,164"
2018-04-18,수,0,맑음,"2,826","2,808","5,634"
2018-04-19,목,0,맑음,"2,455","2,614","5,069"
2018-04-20,금,0,맑음,"3,459","1,894","5,353"
2018-04-21,토,1,구름 조금,"21,602","11,008","32,610"
2018-04-22,일,1,비,"5,932","1,748","7,680"
2018-04-23,월,0,비,61,227,288
2018-04-24,화,0,구름 많음,"1,685","2,655","4,340"
2018-04-25,수,0,맑음,"4,324","4,309","8,633"
2018-04-26,목,0,구름 조금,"10,774","5,059","15,833"
2018-04-27,금,0,맑음,"10,229","4,121","14,350"
2018-04-28,토,1,맑음,"17,221","5,743","22,964"
2018-04-29,일,1,구름 조금,"22,455","7,319","29,774"
2018-04-30,월,0,구름 조금,"4,035","11,066","15,101"
2018-05-01,화,0,흐림,"16,617","5,667","22,284"
2018-05-02,수,0,비,697,652,"1,349"
2018-05-03,목,0,흐림,"6,490","2,613","9,103"
2018-05-04,금,0,맑음,"8,372","3,026","11,398"
2018-05-05,토,1,맑음,"29,521","22,789","52,310"
2018-05-06,일,1,비,"2,624",720,"3,344"
2018-05-07,월,1,구름 많음,"24,639","8,182","32,821"
2018-05-08,화,0,,"3,600","2,128","5,728"
2018-05-09,수,0,,"2,938","2,954","5,892"
2018-05-10,목,0,,"3,138","3,624","6,762"
2018-05-11,금,0,구름 많음,"6,050","3,785","9,835"
2018-05-12,토,1,비,801,544,"1,345"
2018-05-13,일,1,구름 조금,"17,365","5,766","23,131"
2018-05-14,월,0,맑음,"2,153","1,949","4,102"
2018-05-15,화,0,구름 많음,"2,476","2,349","4,825"
2018-05-16,수,0,비,222,674,896
2018-05-17,목,0,비,830,479,"1,309"
2018-05-18,금,0,흐림,"4,252","1,240","5,492"
2018-05-19,토,1,맑음,"24,047","9,608","33,655"
2018-05-20,일,1,구름 많음,"23,579","6,870","30,449"
2018-05-21,월,0,구름 조금,"13,403","5,895","19,298"
2018-05-22,화,1,흐림,"21,239","7,256","28,495"
2018-05-23,수,0,맑음,"2,802","3,500","6,302"
2018-05-24,목,0,맑음,"2,706","3,681","6,387"
2018-05-25,금,0,구름 많음,"5,120","3,337","8,457"
2018-05-26,토,1,맑음,"20,847","6,858","27,705"
2018-05-27,일,1,구름 많음,"24,339","7,905","32,244"
2018-05-28,월,0,구름 조금,"23,912","3,293","27,205"
2018-05-29,화,0,구름 많음,"3,637","5,104","8,741"
2018-05-30,수,0,구름 많음,"4,129","3,174","7,303"
2018-05-31,목,0,맑음,"5,134","21,142","26,276"
2018-06-01,금,0,맑음,"6,257","3,712","9,969"
2018-06-02,토,1,맑음,"20,225","6,116","26,341"
2018-06-03,일,1,맑음,"20,260","5,548","25,808"
2018-06-04,월,0,구름 많음,"3,232","2,690","5,922"
2018-06-05,화,0,구름 조금,"4,678","4,349","9,027"
2018-06-06,수,1,맑음,"22,109","7,835","29,944"
2018-06-07,목,0,구름 조금,"3,102","3,069","6,171"
2018-06-08,금,0,구름 조금,"3,315","3,842","7,157"
2018-06-09,토,1,흐림,"13,365","4,671","18,036"
2018-06-10,일,1,흐림,"15,026","4,302","19,328"
2018-06-11,월,0,구름 많음,"1,828","1,798","3,626"
2018-06-12,화,0,구름 조금,"2,997","2,550","5,547"
2018-06-13,수,1,구름 많음,"13,317","4,680","17,997"
2018-06-14,목,0,비,962,804,"1,766"
2018-06-15,금,0,구름 조금,"2,311","2,051","4,362"
2018-06-16,토,1,구름 조금,"11,555","3,652","15,207"
2018-06-17,일,1,구름 많음,"9,181","3,073","12,254"
2018-06-18,월,0,맑음,"1,166","1,266","2,432"
2018-06-19,화,0,구름 많음,"2,110","1,671","3,781"
2018-06-20,수,0,구름 조금,"1,514","1,698","3,212"
2018-06-21,목,0,맑음,"1,225","1,668","2,893"
2018-06-22,금,0,구름 조금,"14,422","1,600","16,022"
2018-06-23,토,1,구름 많음,"6,410","2,435","8,845"
2018-06-24,일,1,맑음,"4,906","1,647","6,553"
2018-06-25,월,0,구름 많음,"1,180","1,104","2,284"
2018-06-26,화,0,비,"13,560",206,"13,766"
2018-06-27,수,0,구름 많음,944,"1,042","1,986"
2018-06-28,목,0,구름 많음,764,"1,205","1,969"
2018-06-29,금,0,구름 많음,"7,072","1,028","8,100"
2018-06-30,토,1,비,"1,998","1,606","3,604"
2018-07-01,일,1,비,114,297,411
2018-07-02,월,0,비,105,229,334
2018-07-03,화,0,구름 많음,826,951,"1,777"
2018-07-04,수,0,구름 많음,679,889,"1,568"
2018-07-05,목,0,비,556,727,"1,283"
2018-07-06,금,0,구름 많음,"1,221","1,197","2,418"
2018-07-07,토,1,구름 많음,"8,313","2,866","11,179"
2018-07-08,일,1,흐림,"9,309","2,898","12,207"
2018-07-09,월,0,비,183,391,574
2018-07-10,화,0,흐림,772,842,"1,614"
2018-07-11,수,0,구름 많음,680,727,"1,407"
2018-07-12,목,0,구름 조금,"1,665",852,"2,517"
2018-07-13,금,0,구름 많음,664,692,"1,356"
2018-07-14,토,1,구름 조금,"2,638","1,280","3,918"
2018-07-15,일,1,구름 조금,"2,003","1,028","3,031"
2018-07-16,월,0,맑음,364,488,852
2018-07-17,화,0,맑음,565,574,"1,139"
2018-07-18,수,0,맑음,"14,145",552,"14,697"
2018-07-19,목,0,맑음,346,553,899
2018-07-20,금,0,맑음,375,381,756
2018-07-21,토,1,맑음,747,790,"1,537"
2018-07-22,일,1,구름 조금,690,538,"1,228"
2018-07-23,월,0,,295,310,605
2018-07-24,화,0,,247,269,516
2018-07-25,수,0,,268,383,651
2018-07-26,목,0,,340,372,712
2018-07-27,금,0,구름 많음,"1,438",392,"1,830"
2018-07-28,토,1,비,703,707,"1,410"
2018-07-29,일,1,구름 조금,"1,157",463,"1,620"
2018-07-30,월,0,구름 많음,581,356,937
2018-07-31,화,0,구름 조금,507,813,"1,320"
2018-08-01,수,0,맑음,319,288,607
2018-08-02,목,0,구름 조금,424,368,792
2018-08-03,금,0,구름 조금,524,177,701
2018-08-04,토,1,구름 조금,975,583,"1,558"
2018-08-05,일,1,구름 많음,"1,088",602,"1,690"
2018-08-06,월,0,구름 많음,497,318,815
2018-08-07,화,0,구름 많음,459,357,816
2018-08-08,수,0,구름 많음,420,300,720
2018-08-09,목,0,비,676,396,"1,072"
2018-08-10,금,0,비,432,293,725
2018-08-11,토,1,구름 조금,"1,421",649,"2,070"
2018-08-12,일,1,구름 많음,"2,409",698,"3,107"
2018-08-13,월,0,구름 많음,532,333,865
2018-08-14,화,0,구름 많음,599,344,943
2018-08-15,수,1,구름 많음,"1,227",563,"1,790"
2018-08-16,목,0,구름 조금,383,372,755
2018-08-17,금,0,맑음,"1,149",541,"1,690"
2018-08-18,토,1,구름 조금,"5,675","2,181","7,856"
2018-08-19,일,1,구름 많음,"5,613","1,707","7,320"
2018-08-20,월,0,구름 많음,794,521,"1,315"
2018-08-21,화,0,구름 많음,653,532,"1,185"
2018-08-22,수,0,구름 조금,"1,020",481,"1,501"
2018-08-23,목,0,비,227,293,520
2018-08-24,금,0,비,257,223,480
2018-08-25,토,1,구름 많음,"7,588","2,670","10,258"
2018-08-26,일,1,비,"3,683","1,743","5,426"
2018-08-27,월,0,비,238,311,549
2018-08-28,화,0,비,86,558,644
2018-08-29,수,0,비,"3,963",379,"4,342"
2018-08-30,목,0,구름 많음,561,505,"1,066"
2018-08-31,금,0,구름 많음,"1,251","1,122","2,373"
2018-09-01,토,1,구름 조금,"10,306","4,876","15,182"
2018-09-02,일,1,구름 많음,"12,283","3,258","15,541"
2018-09-03,월,0,비,183,501,684
2018-09-04,화,0,구름 조금,"1,122","1,089","2,211"
2018-09-05,수,0,맑음,"1,716","1,194","2,910"
2018-09-06,목,0,구름 많음,"1,221","1,162","2,383"
2018-09-07,금,0,구름 조금,"2,068","1,402","3,470"
2018-09-08,토,1,맑음,"17,054","5,049","22,103"
2018-09-09,일,1,구름 조금,"16,753","6,449","23,202"
2018-09-10,월,0,구름 조금,"2,233","1,096","3,329"
2018-09-11,화,0,구름 많음,"1,636","1,910","3,546"
2018-09-12,수,0,구름 조금,"1,670","1,362","3,032"
2018-09-13,목,0,구름 많음,"1,420","1,762","3,182"
2018-09-14,금,0,흐림,"1,480","1,631","3,111"
2018-09-15,토,1,흐림,"7,084","3,602","10,686"
2018-09-16,일,1,흐림,"6,738","2,310","9,048"
2018-09-17,월,0,맑음,"1,667","1,344","3,011"
2018-09-18,화,0,구름 많음,"1,739","1,571","3,310"
2018-09-19,수,0,구름 많음,"5,846","1,487","7,333"
2018-09-20,목,0,흐림,"1,175",521,"1,696"
2018-09-21,금,0,흐림,327,414,741
2018-09-22,토,1,맑음,"10,785","3,516","14,301"
2018-09-23,일,1,구름 많음,"10,061","3,004","13,065"
2018-09-24,월,1,맑음,"15,565","4,096","19,661"
2018-09-25,화,1,맑음,"23,063","6,495","29,558"
2018-09-26,수,1,구름 조금,"15,663","5,468","21,131"
2018-09-27,목,0,,"3,363","1,790","5,153"
2018-09-28,금,0,,"3,631","2,279","5,910"
2018-09-29,토,1,,"15,592","6,697","22,289"
2018-09-30,일,1,,"15,058","4,810","19,868"
2018-10-01,월,0,구름 많음,"1,518","1,689","3,207"
2018-10-02,화,0,맑음,"2,028","2,835","4,863"
2018-10-03,수,1,맑음,"20,659","6,790","27,449"
2018-10-04,목,0,구름 조금,"1,860","2,299","4,159"
2018-10-05,금,0,비,935,491,"1,426"
2018-10-06,토,1,비,913,442,"1,355"
2018-10-07,일,1,구름 조금,"16,157","5,903","22,060"
2018-10-08,월,0,구름 조금,"7,914","3,697","11,611"
2018-10-09,화,1,구름 많음,"19,382","8,132","27,514"
2018-10-10,수,0,구름 조금,"1,752","1,632","3,384"
2018-10-11,목,0,구름 조금,"2,264","2,807","5,071"
2018-10-12,금,0,맑음,"4,783","3,512","8,295"
2018-10-13,토,1,맑음,"12,039","4,602","16,641"
2018-10-14,일,1,구름 많음,"13,028","4,734","17,762"
2018-10-15,월,0,맑음,"6,105","1,475","7,580"
2018-10-16,화,0,구름 많음,"2,597","2,264","4,861"
2018-10-17,수,0,맑음,"2,754","3,149","5,903"
2018-10-18,목,0,비,"2,686","2,460","5,146"
2018-10-19,금,0,,"8,266","3,119","11,385"
2018-10-20,토,1,,"16,658","5,857","22,515"
2018-10-21,일,1,,"15,861","5,505","21,366"
2018-10-22,월,0,,"2,265","2,190","4,455"
2018-10-23,화,0,비,"1,350","1,055","2,405"
2018-10-24,수,0,맑음,"2,693","2,547","5,240"
2018-10-25,목,0,구름 조금,"3,396","3,266","6,662"
2018-10-26,금,0,비,"13,684",602,"14,286"
2018-10-27,토,1,구름 많음,"14,941","6,620","21,561"
2018-10-28,일,1,비,"3,568","1,348","4,916"
2018-10-29,월,0,구름 많음,"1,550","1,792","3,342"
2018-10-30,화,0,구름 조금,"1,727","2,059","3,786"
2018-10-31,수,0,맑음,"3,799","1,931","5,730"
2018-11-01,목,0,맑음,"1,581","2,342","3,923"
2018-11-02,금,0,맑음,"3,208","1,944","5,152"
2018-11-03,토,1,맑음,"11,573","5,053","16,626"
2018-11-04,일,1,구름 조금,"12,125","3,778","15,903"
2018-11-05,월,0,구름 조금,"1,342","1,438","2,780"
2018-11-06,화,0,구름 많음,838,"1,270","2,108"
2018-11-07,수,0,흐림,558,763,"1,321"
2018-11-08,목,0,비,249,327,576
2018-11-09,금,0,구름 조금,"1,727","1,195","2,922"
2018-11-10,토,1,맑음,"4,053","2,180","6,233"
2018-11-11,일,1,비,"3,750","1,454","5,204"
2018-11-12,월,0,맑음,"1,129","1,187","2,316"
2018-11-13,화,0,맑음,896,"1,348","2,244"
2018-11-14,수,0,맑음,970,"1,249","2,219"
2018-11-15,목,0,구름 많음,971,940,"1,911"
2018-11-16,금,0,구름 많음,750,876,"1,626"
2018-11-17,토,1,구름 많음,"4,722","1,937","6,659"
2018-11-18,일,1,구름 많음,"4,689","1,715","6,404"
2018-11-19,월,0,구름 조금,584,799,"1,383"
2018-11-20,화,0,맑음,508,919,"1,427"
2018-11-21,수,0,비,315,578,893
2018-11-22,목,0,맑음,"4,251",713,"4,964"
2018-11-23,금,0,맑음,466,742,"1,208"
2018-11-24,토,1,구름 많음,700,704,"1,404"
2018-11-25,일,1,구름 조금,"2,318","1,381","3,699"
2018-11-26,월,0,맑음,439,730,"1,169"
2018-11-27,화,0,구름 많음,297,626,923
2018-11-28,수,0,구름 조금,241,654,895
2018-11-29,목,0,구름 많음,"7,705",767,"8,472"
2018-11-30,금,0,구름 조금,398,589,987
2018-12-01,토,1,맑음,"2,440","1,565","4,005"
2018-12-02,일,1,흐림,"2,221","1,160","3,381"
2018-12-03,월,0,흐림,55,301,356
2018-12-04,화,0,구름 많음,144,466,610
2018-12-05,수,0,구름 많음,213,602,815
2018-12-06,목,0,구름 많음,185,693,878
2018-12-07,금,0,구름 조금,130,310,440
2018-12-08,토,1,구름 조금,323,484,807
2018-12-09,일,1,구름 조금,263,545,808
2018-12-10,월,0,맑음,125,428,553
2018-12-11,화,0,흐림,326,671,997
2018-12-12,수,0,맑음,"1,552",537,"2,089"
2018-12-13,목,0,구름 조금,464,390,854
2018-12-14,금,0,맑음,96,360,456
2018-12-15,토,1,구름 조금,594,787,"1,381"
2018-12-16,일,1,흐림,429,705,"1,134"
2018-12-17,월,0,맑음,159,497,656
2018-12-18,화,0,구름 조금,177,684,861
2018-12-19,수,0,구름 조금,207,602,809
2018-12-20,목,0,구름 조금,269,607,876
2018-12-21,금,0,구름 많음,"1,102",528,"1,630"
2018-12-22,토,1,구름 조금,972,"1,010","1,982"
2018-12-23,일,1,맑음,"1,638","1,310","2,948"
2018-12-24,월,0,맑음,499,483,982
2018-12-25,화,1,흐림,"1,709",693,"2,402"
2018-12-26,수,0,구름 조금,250,502,752
2018-12-27,목,0,맑음,"3,498",445,"3,943"
2018-12-28,금,0,맑음,70,287,357
2018-12-29,토,1,맑음,238,496,734
2018-12-30,일,1,맑음,449,466,915
2018-12-31,월,0,맑음,390,444,834
2019-01-01,화,0,구름 조금,919,605,"1,524"
2019-01-02,수,0,맑음,175,459,634
2019-01-03,목,0,맑음,182,595,777
2019-01-04,금,0,구름 많음,181,509,690
2019-01-05,토,1,,740,861,"1,601"
2019-01-06,일,1,,"1,013","1,044","2,057"
2019-01-07,월,0,,213,560,773
2019-01-08,화,0,,152,652,804
2019-01-09,수,0,구름 많음,100,429,529
2019-01-10,목,0,구름 많음,203,636,839
2019-01-11,금,0,,248,566,814
2019-01-12,토,1,맑음,839,"1,016","1,855"
2019-01-13,일,1,,887,793,"1,680"
2019-01-14,월,0,,112,321,433
2019-01-15,화,0,,119,374,493
2019-01-16,수,0,맑음,169,505,674
2019-01-17,목,0,맑음,544,676,"1,220"
2019-01-18,금,0,맑음,238,572,810
2019-01-19,토,1,흐림,886,852,"1,738"
2019-01-20,일,1,맑음,"1,139",925,"2,064"
2019-01-21,월,0,구름 조금,214,517,731
2019-01-22,화,0,구름 조금,300,688,988
2019-01-23,수,0,맑음,213,543,756
2019-01-24,목,0,구름 조금,290,720,"1,010"
2019-01-25,금,0,,256,626,882
2019-01-26,토,1,,885,"1,138","2,023"
2019-01-27,일,1,,"1,400",991,"2,391"
2019-01-28,월,0,,223,480,703
2019-01-29,화,0,구름 조금,313,625,938
2019-01-30,수,0,구름 많음,215,501,716
2019-01-31,목,0,구름 많음,"1,089",535,"1,624"
2019-02-01,금,0,맑음,168,458,626
2019-02-02,토,1,구름 많음,780,850,"1,630"
2019-02-03,일,1,비,148,257,405
2019-02-04,월,1,,"1,883",667,"2,550"
2019-02-05,화,1,,"3,064",791,"3,855"
2019-02-06,수,1,,"2,453","1,593","4,046"
2019-02-07,목,0,구름 조금,433,563,996
2019-02-08,금,0,,395,376,771
2019-02-09,토,1,맑음,910,861,"1,771"
2019-02-10,일,1,구름 많음,849,803,"1,652"
2019-02-11,월,0,맑음,231,501,732
2019-02-12,화,0,구름 조금,270,771,"1,041"
2019-02-13,수,0,맑음,254,663,917
2019-02-14,목,0,구름 많음,706,584,"1,290"
2019-02-15,금,0,흐림,130,457,587
2019-02-16,토,1,맑음,987,902,"1,889"
2019-02-17,일,1,맑음,"1,788","1,046","2,834"
2019-02-18,월,0,,520,564,"1,084"
2019-02-19,화,0,,106,408,514
2019-02-20,수,0,,250,582,832
2019-02-21,목,0,맑음,374,624,998
2019-02-22,금,0,구름 많음,373,632,"1,005"
2019-02-23,토,1,맑음,"2,638","1,448","4,086"
2019-02-24,일,1,,"5,261","2,205","7,466"
2019-02-25,월,0,,750,678,"1,428"
2019-02-26,화,0,,"1,273","1,012","2,285"
2019-02-27,수,0,구름 많음,"1,716",879,"2,595"
2019-02-28,목,0,구름 조금,"1,210",925,"2,135"
2019-03-01,금,1,,"4,730","1,534","6,264"
2019-03-02,토,1,,"4,064","1,427","5,491"
2019-03-03,일,1,,"3,160","1,233","4,393"
2019-03-04,월,0,,356,466,822
2019-03-05,화,0,구름 많음,213,436,649
2019-03-06,수,0,구름 많음,130,383,513
2019-03-07,목,0,,516,680,"1,196"
2019-03-08,금,0,,792,830,"1,622"
2019-03-09,토,1,,"12,602","5,231","17,833"
2019-03-10,일,1,,"6,387","2,867","9,254"
2019-03-11,월,0,,420,605,"1,025"
2019-03-12,화,0,,741,585,"1,326"
2019-03-13,수,0,,361,703,"1,064"
2019-03-14,목,0,,492,859,"1,351"
2019-03-15,금,0,눈/비,397,566,963
2019-03-16,토,1,구름 많음,"5,645","3,077","8,722"
2019-03-17,일,1,,"12,169","3,549","15,718"
2019-03-18,월,0,,"1,055",890,"1,945"
2019-03-19,화,0,,973,"1,104","2,077"
2019-03-20,수,0,흐림,253,506,759
2019-03-21,목,0,구름 많음,446,698,"1,144"
2019-03-22,금,0,맑음,668,809,"1,477"
2019-03-23,토,1,눈/비,"2,097","1,465","3,562"
2019-03-24,일,1,맑음,"10,039","2,748","12,787"
2019-03-25,월,0,구름 많음,768,770,"1,538"
2019-03-26,화,0,구름 조금,791,953,"1,744"
2019-03-27,수,0,구름 많음,504,613,"1,117"
2019-03-28,목,0,구름 많음,761,904,"1,665"
2019-03-29,금,0,구름 조금,"1,644","1,226","2,870"
2019-03-30,토,1,흐림,"1,539",913,"2,452"
2019-03-31,일,1,구름 조금,"3,061","1,357","4,418"
